carrier_code,flight_date,flight_number,tail_number,origin_airport,destination_airport,scheduled_departure_time,actual_departure_time,scheduled_elapsed_minutes,actual_elapsed_minutes,departure_delay_minutes,wheels_off_time,taxi_out_minutes,carrier_delay_minutes,weather_delay_minutes,nas_delay_minutes,security_delay_minutes,late_aircraft_delay_minutes,is_cancelled
AA,2024-06-11,2421.0,N324SH,MIA,SJU,12:19,17:36,170.0,171.0,317.0,18:10,34.0,0.0,317.0,1.0,0.0,0.0,0
AA,2022-12-08,1454.0,N762AN,MIA,LAX,15:30,15:30,342.0,316.0,0.0,15:46,16.0,0.0,0.0,0.0,0.0,0.0,0
AA,2022-01-21,2289.0,N778AN,MIA,LAX,19:42,19:44,352.0,341.0,2.0,19:58,14.0,0.0,0.0,0.0,0.0,0.0,0
AA,2026-01-18,2886.0,N969NN,MIA,JAX,15:44,15:43,86.0,83.0,-1.0,16:06,23.0,0.0,0.0,0.0,0.0,0.0,0
AA,2024-09-20,1017.0,N3014R,MIA,AUS,15:40,15:38,180.0,180.0,-2.0,16:03,25.0,0.0,0.0,0.0,0.0,0.0,0
AA,2025-09-14,457.0,N343SY,MIA,PHX,19:59,20:36,299.0,280.0,37.0,20:50,14.0,8.0,0.0,0.0,0.0,10.0,0
AA,2024-04-22,1113.0,N865NN,MIA,EWR,18:55,22:40,184.0,175.0,225.0,23:02,22.0,0.0,18.0,0.0,0.0,198.0,0
AA,2025-11-30,1663.0,N162UW,MIA,LAX,06:15,06:11,349.0,377.0,-4.0,06:28,17.0,0.0,0.0,24.0,0.0,0.0,0
AA,2024-08-27,1397.0,N829AW,MIA,MCI,21:26,21:48,207.0,203.0,22.0,22:22,34.0,0.0,0.0,0.0,0.0,18.0,0
AA,2023-11-22,669.0,N428AA,MIA,LAX,21:03,22:21,355.0,332.0,78.0,22:39,18.0,13.0,0.0,0.0,0.0,42.0,0
AA,2024-09-26,2436.0,N344TS,MIA,LAX,19:35,19:52,335.0,378.0,17.0,20:54,62.0,17.0,0.0,43.0,0.0,0.0,0
AA,2022-06-01,1922.0,N341SV,MIA,JFK,19:33,21:20,182.0,0.0,107.0,00:00,0.0,0.0,0.0,0.0,0.0,0.0,1
AA,2024-09-27,2994.0,N940NN,MIA,SJU,13:54,13:50,160.0,166.0,-4.0,14:07,17.0,0.0,0.0,0.0,0.0,0.0,0
AA,2023-06-01,1451.0,N341RW,MIA,IAH,15:07,15:07,171.0,180.0,0.0,15:24,17.0,0.0,0.0,0.0,0.0,0.0,0
AA,2025-10-05,1357.0,N307UJ,MIA,JFK,19:20,19:14,181.0,170.0,-6.0,19:27,13.0,0.0,0.0,0.0,0.0,0.0,0
AA,2022-05-19,1817.0,N510UW,MIA,DEN,12:00,11:58,259.0,252.0,-2.0,12:10,12.0,0.0,0.0,0.0,0.0,0.0,0
AA,2025-10-12,416.0,N708UW,MIA,JAX,22:40,07:42,79.0,63.0,542.0,07:51,9.0,345.0,0.0,0.0,0.0,181.0,0
AA,2022-05-08,380.0,N909NN,MIA,EWR,21:00,21:14,179.0,221.0,14.0,22:00,46.0,0.0,0.0,56.0,0.0,0.0,0
AA,2023-06-15,1524.0,N800NN,MIA,JFK,18:24,18:25,185.0,211.0,1.0,18:58,33.0,1.0,0.0,26.0,0.0,0.0,0
AA,2022-06-03,473.0,N928AM,MIA,DFW,08:30,10:50,185.0,199.0,140.0,11:17,27.0,140.0,0.0,14.0,0.0,0.0,0
AA,2024-08-12,1252.0,N441UW,MIA,DCA,06:31,06:37,154.0,140.0,6.0,06:52,15.0,0.0,0.0,0.0,0.0,0.0,0
AA,2023-10-01,608.0,N323SG,MIA,ORD,13:43,13:39,207.0,194.0,-4.0,13:59,20.0,0.0,0.0,0.0,0.0,0.0,0
AA,2025-06-12,1233.0,N934NN,MIA,DCA,14:03,13:58,156.0,145.0,-5.0,14:09,11.0,0.0,0.0,0.0,0.0,0.0,0
AA,2024-10-08,2290.0,N329SL,MIA,ATL,21:21,22:05,135.0,110.0,44.0,22:22,17.0,3.0,0.0,0.0,0.0,16.0,0
AA,2022-05-21,688.0,N959NN,MIA,JFK,08:08,08:08,177.0,178.0,0.0,08:36,28.0,0.0,0.0,0.0,0.0,0.0,0
AA,2026-02-24,1622.0,N827NN,MIA,STL,08:20,08:18,192.0,188.0,-2.0,08:36,18.0,0.0,0.0,0.0,0.0,0.0,0
AA,2022-08-01,1922.0,N912NN,MIA,JFK,19:30,19:35,187.0,186.0,5.0,19:56,21.0,0.0,0.0,0.0,0.0,0.0,0
AA,2022-06-29,583.0,N158AN,MIA,MCO,15:41,15:37,72.0,69.0,-4.0,15:53,16.0,0.0,0.0,0.0,0.0,0.0,0
AA,2022-05-30,1744.0,N719AN,MIA,DFW,10:00,13:41,188.0,190.0,221.0,14:00,19.0,217.0,0.0,2.0,0.0,4.0,0
AA,2025-12-01,1006.0,N426AN,MIA,LAS,21:30,21:25,329.0,324.0,-5.0,21:40,15.0,0.0,0.0,0.0,0.0,0.0,0
AA,2023-09-21,2565.0,N948AN,MIA,ORD,09:56,09:55,203.0,180.0,-1.0,10:07,12.0,0.0,0.0,0.0,0.0,0.0,0
AA,2023-02-19,2264.0,N341SV,MIA,LGA,14:01,13:57,179.0,178.0,-4.0,14:14,17.0,0.0,0.0,0.0,0.0,0.0,0
AA,2024-12-04,944.0,N354PT,MIA,JFK,21:23,21:25,192.0,174.0,2.0,21:44,19.0,0.0,0.0,0.0,0.0,0.0,0
AA,2022-03-31,2213.0,N338ST,MIA,LGA,19:49,20:16,185.0,224.0,27.0,21:30,74.0,0.0,0.0,66.0,0.0,0.0,0
AA,2023-09-25,1921.0,N8027D,MIA,TPA,20:54,07:23,63.0,64.0,629.0,07:42,19.0,264.0,0.0,1.0,0.0,365.0,0
AA,2023-03-19,1161.0,N318SF,MIA,MCO,20:23,20:37,75.0,81.0,14.0,21:06,29.0,6.0,0.0,6.0,0.0,8.0,0
AA,2024-10-29,1226.0,N923NN,MIA,DFW,05:18,06:23,200.0,203.0,65.0,06:43,20.0,65.0,0.0,3.0,0.0,0.0,0
AA,2025-11-06,2482.0,N4005X,MIA,TPA,19:45,19:40,71.0,61.0,-5.0,20:02,22.0,0.0,0.0,0.0,0.0,0.0,0
AA,2023-01-15,2283.0,N416AN,MIA,LAX,14:05,14:08,355.0,351.0,3.0,14:27,19.0,0.0,0.0,0.0,0.0,0.0,0
AA,2025-04-06,323.0,N9015D,MIA,BNA,14:35,15:08,143.0,145.0,33.0,15:34,26.0,8.0,0.0,2.0,0.0,25.0,0
AA,2022-02-28,744.0,N901AA,MIA,LGA,15:00,15:06,172.0,165.0,6.0,15:19,13.0,0.0,0.0,0.0,0.0,0.0,0
AA,2022-10-28,605.0,N931AM,MIA,LGA,08:37,08:36,173.0,170.0,-1.0,08:53,17.0,0.0,0.0,0.0,0.0,0.0,0
AA,2024-09-04,1794.0,N965NN,MIA,DFW,11:16,11:19,197.0,173.0,3.0,11:34,15.0,0.0,0.0,0.0,0.0,0.0,0
AA,2025-08-31,3252.0,N421UW,MIA,SEA,20:43,20:54,391.0,384.0,11.0,21:14,20.0,0.0,0.0,0.0,0.0,0.0,0
AA,2024-01-21,2050.0,N346PR,MIA,LGA,20:39,20:47,178.0,176.0,8.0,21:00,13.0,0.0,0.0,0.0,0.0,0.0,0
AA,2024-06-01,2837.0,N402AN,MIA,LAX,20:10,20:27,344.0,329.0,17.0,20:42,15.0,0.0,0.0,0.0,0.0,0.0,0
AA,2025-02-02,1121.0,N431AN,MIA,SFO,07:15,07:15,391.0,369.0,0.0,07:28,13.0,0.0,0.0,0.0,0.0,0.0,0
AA,2022-01-23,1439.0,N130AN,MIA,MCO,15:50,16:03,68.0,50.0,13.0,16:15,12.0,0.0,0.0,0.0,0.0,0.0,0
AA,2024-08-13,1983.0,N464AA,MIA,PHX,07:40,07:35,278.0,269.0,-5.0,07:49,14.0,0.0,0.0,0.0,0.0,0.0,0
AA,2026-02-16,383.0,N421UW,MIA,LAX,18:31,18:59,369.0,364.0,28.0,19:35,36.0,23.0,0.0,0.0,0.0,0.0,0
AA,2023-11-30,411.0,N993NN,MIA,CLT,15:26,15:23,128.0,154.0,-3.0,15:39,16.0,0.0,0.0,23.0,0.0,0.0,0
AA,2022-09-14,1389.0,N880NN,MIA,LGA,20:35,22:16,175.0,162.0,101.0,22:41,25.0,64.0,0.0,0.0,0.0,24.0,0
AA,2022-04-21,319.0,N415AN,MIA,PHX,06:53,06:51,307.0,282.0,-2.0,07:07,16.0,0.0,0.0,0.0,0.0,0.0,0
AA,2022-11-29,617.0,N949AN,MIA,MCO,08:40,10:11,69.0,63.0,91.0,10:29,18.0,85.0,0.0,0.0,0.0,0.0,0
AA,2025-02-16,3237.0,N836AW,MIA,ATL,19:07,20:50,126.0,119.0,103.0,21:15,25.0,0.0,0.0,0.0,0.0,96.0,0
AA,2023-12-11,2045.0,N464AA,MIA,SFO,07:20,07:15,387.0,390.0,-5.0,07:35,20.0,0.0,0.0,0.0,0.0,0.0,0
AA,2025-03-12,1045.0,N711UW,MIA,ATL,18:25,21:13,121.0,110.0,168.0,21:28,15.0,0.0,0.0,0.0,0.0,157.0,0
AA,2025-05-19,2873.0,N702UW,MIA,TPA,21:38,21:37,67.0,56.0,-1.0,21:55,18.0,0.0,0.0,0.0,0.0,0.0,0
AA,2022-04-07,1391.0,N341RW,MIA,STT,12:29,13:01,175.0,163.0,32.0,13:24,23.0,20.0,0.0,0.0,0.0,0.0,0
AA,2022-03-03,1465.0,N723UW,MIA,IAH,08:40,08:35,181.0,180.0,-5.0,08:57,22.0,0.0,0.0,0.0,0.0,0.0,0
AA,2024-01-29,1357.0,N992NN,MIA,JFK,19:49,19:44,181.0,197.0,-5.0,20:15,31.0,0.0,0.0,0.0,0.0,0.0,0
AA,2024-05-28,605.0,N9013A,MIA,LGA,09:01,10:54,184.0,194.0,113.0,11:34,40.0,113.0,0.0,10.0,0.0,0.0,0
AA,2026-01-05,1994.0,N434AN,MIA,LAX,13:27,14:10,352.0,320.0,43.0,14:23,13.0,0.0,0.0,0.0,0.0,0.0,0
AA,2023-10-31,1983.0,N420AN,MIA,PHX,07:01,06:58,302.0,307.0,-3.0,07:28,30.0,0.0,0.0,0.0,0.0,0.0,0
AA,2025-10-22,1565.0,N90024,MIA,CHS,17:22,18:26,102.0,87.0,64.0,18:36,10.0,49.0,0.0,0.0,0.0,0.0,0
AA,2022-12-06,2970.0,N979AN,MIA,LGA,16:34,16:32,175.0,189.0,-2.0,16:51,19.0,0.0,0.0,0.0,0.0,0.0,0
AA,2024-10-03,483.0,N315PE,MIA,BOS,18:42,19:41,201.0,200.0,59.0,20:06,25.0,16.0,0.0,0.0,0.0,42.0,0
AA,2023-04-25,2495.0,N338ST,MIA,MCO,13:40,13:33,77.0,81.0,-7.0,13:49,16.0,0.0,0.0,0.0,0.0,0.0,0
AA,2024-08-13,1629.0,N953XV,MIA,DEN,21:13,21:38,265.0,231.0,25.0,21:55,17.0,0.0,0.0,0.0,0.0,0.0,0
AA,2025-08-08,1391.0,N324SH,MIA,STT,13:10,13:04,170.0,177.0,-6.0,13:41,37.0,0.0,0.0,0.0,0.0,0.0,0
AA,2023-03-24,646.0,N786AN,MIA,DFW,09:01,09:00,199.0,208.0,-1.0,09:25,25.0,0.0,0.0,0.0,0.0,0.0,0
AA,2022-08-24,791.0,N930AN,MIA,ORD,10:00,09:58,200.0,172.0,-2.0,10:08,10.0,0.0,0.0,0.0,0.0,0.0,0
AA,2023-12-09,944.0,N338RS,MIA,JFK,21:02,21:02,184.0,164.0,0.0,21:25,23.0,0.0,0.0,0.0,0.0,0.0,0
AA,2025-07-27,2873.0,N8031M,MIA,TPA,18:27,18:48,70.0,57.0,21.0,19:04,16.0,0.0,0.0,0.0,0.0,0.0,0
AA,2025-02-01,1454.0,N411AN,MIA,PHX,13:40,13:36,318.0,293.0,-4.0,13:49,13.0,0.0,0.0,0.0,0.0,0.0,0
AA,2025-04-17,475.0,N980NN,MIA,BOS,16:59,16:55,191.0,199.0,-4.0,17:16,21.0,0.0,0.0,0.0,0.0,0.0,0
AA,2025-07-14,943.0,N324SH,MIA,STT,09:56,10:07,170.0,180.0,11.0,10:24,17.0,4.0,0.0,10.0,0.0,7.0,0
AA,2022-10-21,2349.0,N926NN,MIA,CLT,07:10,07:09,125.0,108.0,-1.0,07:20,11.0,0.0,0.0,0.0,0.0,0.0,0
AA,2023-05-25,309.0,N820NN,MIA,JFK,10:21,10:26,193.0,174.0,5.0,10:46,20.0,0.0,0.0,0.0,0.0,0.0,0
AA,2022-07-24,2424.0,N958NN,MIA,BWI,21:07,00:27,162.0,140.0,200.0,00:38,11.0,160.0,0.0,0.0,0.0,18.0,0
AA,2024-08-29,2421.0,N951NN,MIA,SJU,12:15,17:05,180.0,156.0,290.0,17:23,18.0,0.0,20.0,0.0,0.0,246.0,0
AA,2022-08-03,2629.0,N327SK,MIA,AUS,20:40,20:31,174.0,171.0,-9.0,20:51,20.0,0.0,0.0,0.0,0.0,0.0,0
AA,2024-11-07,2669.0,N303RG,MIA,LGA,17:03,17:03,177.0,182.0,0.0,17:36,33.0,0.0,0.0,0.0,0.0,0.0,0
AA,2022-10-19,2247.0,N442AN,MIA,BOS,08:32,09:28,192.0,172.0,56.0,09:41,13.0,36.0,0.0,0.0,0.0,0.0,0
AA,2022-12-17,2962.0,N138AN,MIA,DFW,17:35,18:23,201.0,180.0,48.0,18:38,15.0,27.0,0.0,0.0,0.0,0.0,0
AA,2023-08-09,2633.0,N406AN,MIA,PHX,21:25,21:22,296.0,274.0,-3.0,21:45,23.0,0.0,0.0,0.0,0.0,0.0,0
AA,2022-09-18,1226.0,N154AA,MIA,DFW,05:40,05:36,185.0,177.0,-4.0,05:49,13.0,0.0,0.0,0.0,0.0,0.0,0
AA,2026-02-16,1381.0,N944NN,MIA,RDU,19:20,20:31,140.0,145.0,71.0,21:05,34.0,0.0,0.0,5.0,0.0,71.0,0
AA,2025-02-08,2187.0,N859NN,MIA,CLT,06:00,05:53,139.0,122.0,-7.0,06:07,14.0,0.0,0.0,0.0,0.0,0.0,0
AA,2024-11-03,434.0,N901NN,MIA,CHS,21:10,21:36,117.0,93.0,26.0,21:46,10.0,0.0,0.0,0.0,0.0,0.0,0
AA,2023-10-30,1156.0,N150NN,MIA,DFW,05:18,05:15,201.0,189.0,-3.0,05:27,12.0,0.0,0.0,0.0,0.0,0.0,0
AA,2023-12-13,2808.0,N882BL,MIA,DFW,09:01,08:54,200.0,194.0,-7.0,09:15,21.0,0.0,0.0,0.0,0.0,0.0,0
AA,2024-03-13,2426.0,N315RJ,MIA,SFO,20:25,20:37,396.0,380.0,12.0,20:55,18.0,0.0,0.0,0.0,0.0,0.0,0
AA,2022-06-30,2803.0,N306RC,MIA,MCO,20:42,20:41,73.0,70.0,-1.0,21:00,19.0,0.0,0.0,0.0,0.0,0.0,0
AA,2022-02-25,1983.0,N417AN,MIA,PHX,07:00,08:21,312.0,301.0,81.0,08:32,11.0,70.0,0.0,0.0,0.0,0.0,0
AA,2024-10-13,1226.0,N915AN,MIA,DFW,05:18,05:14,200.0,192.0,-4.0,05:27,13.0,0.0,0.0,0.0,0.0,0.0,0
AA,2025-02-11,2888.0,N443AA,MIA,PDX,19:38,19:36,418.0,377.0,-2.0,19:57,21.0,0.0,0.0,0.0,0.0,0.0,0
AA,2023-04-12,1058.0,N917NN,MIA,ORD,16:00,16:04,205.0,204.0,4.0,16:28,24.0,0.0,0.0,0.0,0.0,0.0,0
AA,2025-08-30,2828.0,N472AN,MIA,DFW,17:55,18:01,185.0,301.0,6.0,18:19,18.0,6.0,0.0,116.0,0.0,0.0,0
AA,2022-08-01,2629.0,N338ST,MIA,AUS,20:40,20:44,174.0,172.0,4.0,21:06,22.0,0.0,0.0,0.0,0.0,0.0,0
AA,2022-06-24,2803.0,N336SR,MIA,MCO,20:42,20:37,73.0,64.0,-5.0,20:59,22.0,0.0,0.0,0.0,0.0,0.0,0
AA,2023-11-13,363.0,N316SE,MIA,CLE,21:00,20:56,175.0,197.0,-4.0,21:41,45.0,0.0,0.0,18.0,0.0,0.0,0
AA,2025-11-15,769.0,N851NN,MIA,DFW,14:09,14:11,198.0,185.0,2.0,14:29,18.0,0.0,0.0,0.0,0.0,0.0,0
AA,2025-01-19,670.0,N700UW,MIA,MCI,19:21,19:21,215.0,236.0,0.0,19:56,35.0,0.0,0.0,21.0,0.0,0.0,0
AA,2022-09-02,1389.0,N840NN,MIA,LGA,20:27,20:38,183.0,159.0,11.0,20:49,11.0,0.0,0.0,0.0,0.0,0.0,0
AA,2023-07-08,1302.0,N714US,MIA,CHS,17:35,19:05,106.0,117.0,90.0,19:44,39.0,30.0,0.0,11.0,0.0,60.0,0
AA,2024-08-06,1629.0,N958XV,MIA,DEN,21:13,22:48,265.0,233.0,95.0,23:02,14.0,3.0,0.0,0.0,0.0,60.0,0
AA,2025-01-10,305.0,N466AN,MIA,SEA,19:30,19:28,416.0,403.0,-2.0,19:51,23.0,0.0,0.0,0.0,0.0,0.0,0
AA,2024-03-05,726.0,N339TP,MIA,LAS,19:10,19:18,332.0,340.0,8.0,19:45,27.0,8.0,0.0,8.0,0.0,0.0,0
AA,2022-12-29,1656.0,N852NN,MIA,LGA,06:33,06:27,176.0,161.0,-6.0,06:42,15.0,0.0,0.0,0.0,0.0,0.0,0
AA,2025-08-16,1824.0,N153AN,MIA,DFW,14:20,15:55,185.0,183.0,95.0,16:07,12.0,93.0,0.0,0.0,0.0,0.0,0
AA,2023-11-13,2172.0,N321TG,MIA,ORD,16:50,16:44,204.0,206.0,-6.0,16:58,14.0,0.0,0.0,0.0,0.0,0.0,0
AA,2023-03-25,2629.0,N961AN,MIA,AUS,18:40,18:35,194.0,183.0,-5.0,18:52,17.0,0.0,0.0,0.0,0.0,0.0,0
AA,2025-02-08,715.0,N954XV,MIA,ATL,21:38,21:37,127.0,114.0,-1.0,22:01,24.0,0.0,0.0,0.0,0.0,0.0,0
AA,2023-05-05,2571.0,N906AA,MIA,PHL,19:50,21:10,179.0,175.0,80.0,21:41,31.0,39.0,0.0,0.0,0.0,37.0,0
AA,2024-01-30,2980.0,N964NN,MIA,SAN,16:25,16:37,342.0,335.0,12.0,17:06,29.0,0.0,0.0,0.0,0.0,0.0,0
AA,2024-09-15,685.0,N960AN,MIA,ORD,21:15,21:11,209.0,173.0,-4.0,21:23,12.0,0.0,0.0,0.0,0.0,0.0,0
AA,2025-03-21,2147.0,N957AN,MIA,MCO,17:20,17:22,67.0,62.0,2.0,17:37,15.0,0.0,0.0,0.0,0.0,0.0,0
AA,2023-04-20,1200.0,N817NN,MIA,PIT,19:37,19:35,173.0,147.0,-2.0,19:48,13.0,0.0,0.0,0.0,0.0,0.0,0
AA,2024-06-04,2138.0,N302SA,MIA,SAV,20:10,20:04,97.0,89.0,-6.0,20:21,17.0,0.0,0.0,0.0,0.0,0.0,0
AA,2023-07-15,1188.0,N762AN,MIA,DFW,09:01,10:34,190.0,170.0,93.0,10:51,17.0,73.0,0.0,0.0,0.0,0.0,0
AA,2022-12-29,2289.0,N729AN,MIA,LAX,20:00,20:19,351.0,330.0,19.0,20:39,20.0,0.0,0.0,0.0,0.0,0.0,0
AA,2025-12-12,2062.0,N304UF,MIA,BOS,14:05,14:59,196.0,182.0,54.0,15:11,12.0,40.0,0.0,0.0,0.0,0.0,0
AA,2025-06-22,1074.0,N863NN,MIA,BOS,17:30,17:38,201.0,232.0,8.0,18:20,42.0,0.0,0.0,39.0,0.0,0.0,0
AA,2025-08-27,2648.0,N343RY,MIA,DCA,18:40,18:35,155.0,151.0,-5.0,18:46,11.0,0.0,0.0,0.0,0.0,0.0,0
AA,2023-10-12,336.0,N118NN,MIA,LAX,16:57,17:03,345.0,380.0,6.0,18:07,64.0,6.0,0.0,35.0,0.0,0.0,0
AA,2024-07-31,2987.0,N418AN,MIA,PHL,07:00,06:59,171.0,178.0,-1.0,07:16,17.0,0.0,0.0,0.0,0.0,0.0,0
AA,2022-10-28,1391.0,N315RJ,MIA,STT,13:07,13:04,166.0,155.0,-3.0,13:24,20.0,0.0,0.0,0.0,0.0,0.0,0
AA,2023-08-02,457.0,N455AN,MIA,MCO,15:31,15:44,73.0,58.0,13.0,15:55,11.0,0.0,0.0,0.0,0.0,0.0,0
AA,2025-03-10,1069.0,N338ST,MIA,CLT,21:45,23:51,144.0,131.0,126.0,00:26,35.0,16.0,0.0,0.0,0.0,97.0,0
AA,2023-07-21,1451.0,N343RY,MIA,IAH,15:28,15:24,168.0,151.0,-4.0,15:41,17.0,0.0,0.0,0.0,0.0,0.0,0
AA,2023-11-21,1468.0,N974AN,MIA,SAT,21:15,21:07,202.0,183.0,-8.0,21:17,10.0,0.0,0.0,0.0,0.0,0.0,0
AA,2024-11-08,2718.0,N93003,MIA,CHS,17:20,17:14,102.0,90.0,-6.0,17:25,11.0,0.0,0.0,0.0,0.0,0.0,0
AA,2024-02-27,2909.0,N339SU,MIA,MCO,22:42,22:35,71.0,63.0,-7.0,22:48,13.0,0.0,0.0,0.0,0.0,0.0,0
AA,2022-09-22,2424.0,N885NN,MIA,BWI,21:13,21:47,166.0,162.0,34.0,22:12,25.0,26.0,0.0,0.0,0.0,4.0,0
AA,2026-01-11,1521.0,N887NN,MIA,AUS,22:11,22:15,207.0,184.0,4.0,22:40,25.0,0.0,0.0,0.0,0.0,0.0,0
AA,2024-09-12,1314.0,N320TF,MIA,DFW,17:34,17:38,193.0,197.0,4.0,17:59,21.0,0.0,0.0,0.0,0.0,0.0,0
AA,2023-07-04,1577.0,N940NN,MIA,CLT,19:37,20:42,133.0,112.0,65.0,20:55,13.0,44.0,0.0,0.0,0.0,0.0,0
AA,2022-04-04,305.0,N403AN,MIA,SEA,19:40,19:53,404.0,435.0,13.0,20:27,34.0,13.0,0.0,31.0,0.0,0.0,0
AA,2023-05-25,969.0,N970AN,MIA,ORD,16:30,20:01,210.0,190.0,211.0,20:25,24.0,14.0,0.0,0.0,0.0,177.0,0
AA,2022-02-20,1226.0,N993AN,MIA,DFW,05:24,05:24,196.0,181.0,0.0,05:34,10.0,0.0,0.0,0.0,0.0,0.0,0
AA,2022-07-21,1767.0,N419AN,MIA,BOS,12:22,12:19,220.0,220.0,-3.0,12:36,17.0,0.0,0.0,0.0,0.0,0.0,0
AA,2024-03-19,2213.0,N344PP,MIA,LGA,19:25,19:22,180.0,169.0,-3.0,19:35,13.0,0.0,0.0,0.0,0.0,0.0,0
AA,2024-01-28,2933.0,N942AN,MIA,EWR,14:42,15:31,180.0,177.0,49.0,15:55,24.0,0.0,0.0,0.0,0.0,46.0,0
AA,2024-12-31,1801.0,N956XV,MIA,EWR,08:39,08:35,192.0,193.0,-4.0,09:13,38.0,0.0,0.0,0.0,0.0,0.0,0
AA,2022-08-27,999.0,N428AA,MIA,LAX,07:03,06:57,337.0,324.0,-6.0,07:09,12.0,0.0,0.0,0.0,0.0,0.0,0
AA,2025-11-25,1381.0,N943NN,MIA,RDU,19:51,19:48,137.0,129.0,-3.0,20:07,19.0,0.0,0.0,0.0,0.0,0.0,0
AA,2023-03-05,2392.0,N960AN,MIA,JFK,07:02,06:59,179.0,175.0,-3.0,07:14,15.0,0.0,0.0,0.0,0.0,0.0,0
AA,2022-05-31,2381.0,N777AN,MIA,JFK,17:59,21:04,172.0,161.0,185.0,21:23,19.0,174.0,0.0,0.0,0.0,0.0,0
AA,2025-02-06,2823.0,N129AA,MIA,DFW,17:29,17:28,211.0,227.0,-1.0,17:54,26.0,0.0,0.0,15.0,0.0,0.0,0
AA,2023-01-28,2468.0,N432AN,MIA,LAX,21:30,22:28,357.0,339.0,58.0,22:40,12.0,0.0,0.0,0.0,19.0,21.0,0
AA,2024-03-11,2026.0,N306SW,MIA,JFK,15:30,15:42,179.0,166.0,12.0,15:59,17.0,0.0,0.0,0.0,0.0,0.0,0
AA,2023-11-03,2567.0,N899NN,MIA,DFW,11:00,11:02,202.0,184.0,2.0,11:12,10.0,0.0,0.0,0.0,0.0,0.0,0
AA,2024-07-29,2290.0,N967AN,MIA,ATL,19:15,19:14,119.0,169.0,-1.0,19:55,41.0,0.0,0.0,49.0,0.0,0.0,0
AA,2024-07-28,1949.0,N939AN,MIA,ORD,08:24,11:51,204.0,186.0,207.0,12:05,14.0,0.0,0.0,0.0,2.0,187.0,0
AA,2023-08-05,1577.0,N987AN,MIA,CLT,19:35,19:34,135.0,115.0,-1.0,19:50,16.0,0.0,0.0,0.0,0.0,0.0,0
AA,2022-06-16,375.0,N817AN,MIA,PHL,08:35,08:34,164.0,177.0,-1.0,08:46,12.0,0.0,0.0,0.0,0.0,0.0,0
AA,2023-12-13,944.0,N306RC,MIA,JFK,21:02,21:40,184.0,184.0,38.0,22:06,26.0,26.0,0.0,0.0,0.0,12.0,0
AA,2025-11-16,1054.0,N309PC,MIA,BOS,21:35,21:48,196.0,183.0,13.0,22:04,16.0,0.0,0.0,0.0,0.0,0.0,0
AA,2024-03-24,638.0,N805AW,MIA,RDU,19:36,21:03,134.0,139.0,87.0,21:20,17.0,0.0,87.0,5.0,0.0,0.0,0
AA,2024-05-29,605.0,N990NN,MIA,LGA,09:01,08:59,183.0,164.0,-2.0,09:19,20.0,0.0,0.0,0.0,0.0,0.0,0
AA,2024-01-28,2038.0,N833NN,MIA,DFW,13:28,13:48,202.0,195.0,20.0,14:11,23.0,0.0,0.0,0.0,0.0,0.0,0
AA,2025-03-14,308.0,N902AN,MIA,SJU,21:05,21:02,155.0,139.0,-3.0,21:18,16.0,0.0,0.0,0.0,0.0,0.0,0
AA,2022-05-05,2355.0,N9022G,MIA,MSY,22:59,22:58,120.0,116.0,-1.0,23:09,11.0,0.0,0.0,0.0,0.0,0.0,0
AA,2023-02-13,1533.0,N833NN,MIA,CHS,21:50,21:44,105.0,106.0,-6.0,22:04,20.0,0.0,0.0,0.0,0.0,0.0,0
AA,2025-01-27,3072.0,N9017P,MIA,EGE,10:42,11:03,314.0,285.0,21.0,11:18,15.0,0.0,0.0,0.0,0.0,0.0,0
AA,2025-09-19,1551.0,N8009T,MIA,MEM,21:46,22:34,157.0,138.0,48.0,22:47,13.0,2.0,0.0,0.0,0.0,27.0,0
AA,2023-07-20,2323.0,N829NN,MIA,ORD,21:20,21:18,212.0,201.0,-2.0,21:35,17.0,0.0,0.0,0.0,0.0,0.0,0
AA,2023-02-06,1380.0,N822NN,MIA,PIT,19:35,19:31,170.0,157.0,-4.0,19:46,15.0,0.0,0.0,0.0,0.0,0.0,0
AA,2026-01-25,3255.0,N441UW,MIA,LAX,21:50,00:00,365.0,0.0,0.0,00:00,0.0,0.0,0.0,0.0,0.0,0.0,1
AA,2025-07-02,3008.0,N725UW,MIA,RDU,14:12,15:53,132.0,197.0,101.0,16:37,44.0,0.0,0.0,65.0,0.0,101.0,0
AA,2023-03-04,1714.0,N927NN,MIA,TPA,22:50,23:20,65.0,56.0,30.0,23:32,12.0,21.0,0.0,0.0,0.0,0.0,0
AA,2022-07-28,775.0,N973NN,MIA,CLT,13:15,13:11,125.0,120.0,-4.0,13:28,17.0,0.0,0.0,0.0,0.0,0.0,0
AA,2022-09-03,1454.0,N904AA,MIA,LAX,15:55,17:04,329.0,321.0,69.0,17:15,11.0,61.0,0.0,0.0,0.0,0.0,0
AA,2023-01-30,1790.0,N318SF,MIA,SJU,12:00,14:08,159.0,147.0,128.0,14:28,20.0,47.0,0.0,0.0,0.0,69.0,0
AA,2023-08-23,2567.0,N812AA,MIA,DFW,11:53,12:45,187.0,156.0,52.0,12:57,12.0,19.0,0.0,0.0,0.0,2.0,0
AA,2022-04-25,1077.0,N879NN,MIA,AUS,21:41,21:35,216.0,168.0,-6.0,21:48,13.0,0.0,0.0,0.0,0.0,0.0,0
AA,2024-10-28,2152.0,N9022G,MIA,JAX,17:04,17:00,80.0,77.0,-4.0,17:10,10.0,0.0,0.0,0.0,0.0,0.0,0
AA,2024-08-09,2765.0,N944NN,MIA,CLT,11:50,12:11,130.0,132.0,21.0,12:44,33.0,21.0,0.0,2.0,0.0,0.0,0
AA,2024-08-10,323.0,N703UW,MIA,BNA,16:18,17:05,143.0,120.0,47.0,17:13,8.0,24.0,0.0,0.0,0.0,0.0,0
AA,2025-03-14,1566.0,N304UF,MIA,RDU,21:40,00:42,135.0,114.0,182.0,00:53,11.0,126.0,0.0,0.0,0.0,35.0,0
AA,2024-08-31,1287.0,N758AN,MIA,DFW,12:29,12:29,205.0,214.0,0.0,13:14,45.0,0.0,0.0,0.0,0.0,0.0,0
AA,2025-09-11,2982.0,N304UF,MIA,PHX,17:38,18:48,289.0,275.0,70.0,19:12,24.0,0.0,56.0,0.0,0.0,0.0,0
AA,2022-10-29,2424.0,N992AN,MIA,BWI,21:18,21:18,161.0,153.0,0.0,21:41,23.0,0.0,0.0,0.0,0.0,0.0,0
AA,2025-06-08,983.0,N930AN,MIA,RIC,21:31,22:41,146.0,148.0,70.0,22:53,12.0,38.0,0.0,2.0,0.0,32.0,0
AA,2025-07-07,1436.0,N447AN,MIA,CLT,06:17,06:09,128.0,131.0,-8.0,06:32,23.0,0.0,0.0,0.0,0.0,0.0,0
AA,2025-12-19,2842.0,N974AN,MIA,TPA,08:54,08:48,76.0,64.0,-6.0,09:05,17.0,0.0,0.0,0.0,0.0,0.0,0
AA,2024-05-27,824.0,N954XV,MIA,AUS,14:59,16:57,189.0,171.0,118.0,17:11,14.0,17.0,0.0,0.0,0.0,83.0,0
AA,2025-08-12,2828.0,N467AL,MIA,DFW,17:55,17:54,185.0,212.0,-1.0,18:09,15.0,0.0,0.0,26.0,0.0,0.0,0
AA,2025-06-15,2230.0,N867NN,MIA,IAH,22:12,01:24,166.0,182.0,192.0,01:36,12.0,0.0,0.0,16.0,0.0,192.0,0
AA,2026-01-09,1596.0,N893NN,MIA,CLT,20:29,20:21,138.0,136.0,-8.0,20:46,25.0,0.0,0.0,0.0,0.0,0.0,0
AA,2024-12-29,3030.0,N862NN,MIA,JFK,08:29,08:39,186.0,175.0,10.0,08:57,18.0,0.0,0.0,0.0,0.0,0.0,0
AA,2023-06-29,836.0,N12028,MIA,JAX,17:12,17:09,80.0,135.0,-3.0,17:32,23.0,0.0,0.0,52.0,0.0,0.0,0
AA,2024-11-28,761.0,N339TP,MIA,JFK,14:27,14:25,183.0,155.0,-2.0,14:39,14.0,0.0,0.0,0.0,0.0,0.0,0
AA,2024-04-25,2842.0,N933NN,MIA,TPA,17:05,17:03,68.0,59.0,-2.0,17:17,14.0,0.0,0.0,0.0,0.0,0.0,0
AA,2025-05-16,1801.0,N327SK,MIA,EWR,08:55,08:52,184.0,225.0,-3.0,09:32,40.0,0.0,0.0,38.0,0.0,0.0,0
AA,2024-07-26,2541.0,N986NN,MIA,IAH,21:02,21:40,178.0,145.0,38.0,21:51,11.0,0.0,0.0,0.0,0.0,0.0,0
AA,2023-12-06,314.0,N328RR,MIA,LAX,15:52,15:45,354.0,343.0,-7.0,16:10,25.0,0.0,0.0,0.0,0.0,0.0,0
AA,2023-06-13,814.0,N323RM,MIA,DCA,10:01,10:03,167.0,145.0,2.0,10:22,19.0,0.0,0.0,0.0,0.0,0.0,0
AA,2022-05-17,1642.0,N328RR,MIA,ORD,06:25,06:23,208.0,214.0,-2.0,06:51,28.0,0.0,0.0,0.0,0.0,0.0,0
AA,2024-05-11,2247.0,N958XV,MIA,BOS,08:45,09:01,211.0,207.0,16.0,09:31,30.0,0.0,0.0,0.0,0.0,0.0,0
AA,2025-03-20,1046.0,N757UW,MIA,ATL,08:41,08:44,122.0,104.0,3.0,08:57,13.0,0.0,0.0,0.0,0.0,0.0,0
AA,2025-01-03,2680.0,N957XV,MIA,SAN,18:20,18:34,348.0,334.0,14.0,19:05,31.0,0.0,0.0,0.0,0.0,0.0,0
AA,2022-09-20,1712.0,N831NN,MIA,MCO,08:42,08:36,73.0,59.0,-6.0,08:55,19.0,0.0,0.0,0.0,0.0,0.0,0
AA,2023-06-05,1606.0,N125AA,MIA,DCA,12:15,12:09,159.0,144.0,-6.0,12:28,19.0,0.0,0.0,0.0,0.0,0.0,0
AA,2022-02-24,344.0,N774AN,MIA,LAX,10:49,11:05,341.0,337.0,16.0,11:28,23.0,0.0,0.0,0.0,0.0,0.0,0
AA,2025-10-15,2552.0,N919NN,MIA,MSY,22:54,22:52,125.0,105.0,-2.0,23:02,10.0,0.0,0.0,0.0,0.0,0.0,0
AA,2025-02-25,2575.0,N467AL,MIA,DFW,07:00,06:56,199.0,201.0,-4.0,07:06,10.0,0.0,0.0,0.0,0.0,0.0,0
AA,2023-11-30,1117.0,N887NN,MIA,LGA,14:20,14:27,180.0,164.0,7.0,14:37,10.0,0.0,0.0,0.0,0.0,0.0,0
AA,2024-10-30,1222.0,N320TF,MIA,IND,21:03,20:58,173.0,162.0,-5.0,21:21,23.0,0.0,0.0,0.0,0.0,0.0,0
AA,2023-11-25,647.0,N810NN,MIA,SDF,21:10,21:02,164.0,150.0,-8.0,21:22,20.0,0.0,0.0,0.0,0.0,0.0,0
AA,2023-01-22,2447.0,N418AN,MIA,SFO,17:45,17:46,390.0,363.0,1.0,17:59,13.0,0.0,0.0,0.0,0.0,0.0,0
AA,2024-02-15,2426.0,N338RS,MIA,SFO,20:10,20:24,397.0,391.0,14.0,20:47,23.0,0.0,0.0,0.0,0.0,0.0,0
AA,2024-07-25,1445.0,N935NN,MIA,ORF,21:15,22:42,155.0,135.0,87.0,23:01,19.0,67.0,0.0,0.0,0.0,0.0,0
AA,2024-03-31,1646.0,N444UW,MIA,DFW,16:05,16:01,206.0,204.0,-4.0,16:20,19.0,0.0,0.0,0.0,0.0,0.0,0
AA,2023-11-13,1983.0,N408AN,MIA,PHX,07:23,07:21,301.0,296.0,-2.0,07:33,12.0,0.0,0.0,0.0,0.0,0.0,0
AA,2026-02-07,1136.0,N974UY,MIA,PHX,13:49,15:12,317.0,306.0,83.0,15:32,20.0,7.0,0.0,0.0,0.0,65.0,0
AA,2023-01-25,2392.0,N921AN,MIA,JFK,07:38,07:54,172.0,174.0,16.0,08:22,28.0,16.0,0.0,2.0,0.0,0.0,0
AA,2023-01-15,1150.0,N336RU,MIA,DCA,17:08,17:38,155.0,146.0,30.0,17:55,17.0,21.0,0.0,0.0,0.0,0.0,0
AA,2024-03-20,2286.0,N407AN,MIA,LAX,08:52,08:49,369.0,376.0,-3.0,09:05,16.0,0.0,0.0,0.0,0.0,0.0,0
AA,2023-05-23,2987.0,N989AU,MIA,PHL,07:00,06:51,170.0,170.0,-9.0,07:08,17.0,0.0,0.0,0.0,0.0,0.0,0
AA,2023-10-20,1159.0,N328RR,MIA,ORD,16:21,16:12,202.0,225.0,-9.0,16:25,13.0,0.0,0.0,0.0,0.0,0.0,0
AA,2026-01-12,2990.0,N932AN,MIA,BWI,21:19,21:18,160.0,151.0,-1.0,21:37,19.0,0.0,0.0,0.0,0.0,0.0,0
AA,2025-08-27,2807.0,N866NN,MIA,TPA,17:43,17:38,67.0,60.0,-5.0,17:55,17.0,0.0,0.0,0.0,0.0,0.0,0
AA,2023-03-27,795.0,N341RW,MIA,TPA,08:34,08:30,68.0,64.0,-4.0,08:49,19.0,0.0,0.0,0.0,0.0,0.0,0
AA,2025-07-01,1468.0,N814NN,MIA,SAT,21:56,22:17,183.0,170.0,21.0,22:32,15.0,0.0,0.0,0.0,0.0,0.0,0
AA,2024-09-28,1391.0,N315SD,MIA,STT,13:24,13:32,165.0,156.0,8.0,13:45,13.0,0.0,0.0,0.0,0.0,0.0,0
AA,2025-11-02,1821.0,N302SS,MIA,BWI,21:30,21:40,149.0,139.0,10.0,22:03,23.0,0.0,0.0,0.0,0.0,0.0,0
AA,2023-04-21,1524.0,N306SW,MIA,MCO,20:09,20:29,78.0,65.0,20.0,20:48,19.0,0.0,0.0,0.0,0.0,0.0,0
AA,2025-12-21,2518.0,N702UW,MIA,CHS,17:34,21:46,112.0,116.0,252.0,22:21,35.0,92.0,0.0,4.0,0.0,160.0,0
AA,2026-02-02,2123.0,N582UW,MIA,LGA,07:05,07:17,175.0,187.0,12.0,07:38,21.0,12.0,0.0,12.0,0.0,0.0,0
AA,2025-03-25,2065.0,N723UW,MIA,IAH,09:00,08:58,180.0,164.0,-2.0,09:17,19.0,0.0,0.0,0.0,0.0,0.0,0
AA,2025-04-25,1700.0,N724UW,MIA,MCO,11:40,11:40,68.0,80.0,0.0,12:06,26.0,0.0,0.0,0.0,0.0,0.0,0
AA,2023-11-19,2518.0,N920NN,MIA,IND,20:40,20:39,171.0,172.0,-1.0,20:56,17.0,0.0,0.0,0.0,0.0,0.0,0
AA,2024-02-08,1454.0,N444UW,MIA,PHX,13:45,13:44,311.0,345.0,-1.0,14:03,19.0,0.0,0.0,33.0,0.0,0.0,0
AA,2025-10-19,2884.0,N834AW,MIA,JAX,17:41,18:48,77.0,77.0,67.0,19:11,23.0,20.0,0.0,0.0,0.0,47.0,0
AA,2023-09-10,835.0,N141NN,MIA,LAS,19:45,19:44,327.0,321.0,-1.0,20:14,30.0,0.0,0.0,0.0,0.0,0.0,0
AA,2023-10-15,2490.0,N314RH,MIA,STT,10:30,10:23,183.0,173.0,-7.0,10:54,31.0,0.0,0.0,0.0,0.0,0.0,0
AA,2026-02-01,2010.0,N304RB,MIA,BNA,13:16,14:08,151.0,149.0,52.0,14:28,20.0,6.0,0.0,0.0,0.0,44.0,0
AA,2025-07-12,1919.0,N575UW,MIA,DFW,11:11,11:32,191.0,178.0,21.0,11:49,17.0,0.0,0.0,0.0,0.0,0.0,0
AA,2024-12-07,457.0,N315SD,MIA,PHX,21:47,21:41,318.0,286.0,-6.0,21:59,18.0,0.0,0.0,0.0,0.0,0.0,0
AA,2025-04-16,491.0,N845NN,MIA,DCA,06:30,06:25,150.0,150.0,-5.0,06:42,17.0,0.0,0.0,0.0,0.0,0.0,0
AA,2023-04-05,435.0,N907NN,MIA,CLT,10:00,09:57,128.0,127.0,-3.0,10:19,22.0,0.0,0.0,0.0,0.0,0.0,0
AA,2025-03-03,1639.0,N308TB,MIA,DEN,20:03,20:18,303.0,281.0,15.0,20:36,18.0,0.0,0.0,0.0,0.0,0.0,0
AA,2022-02-19,2329.0,N122NN,MIA,PHL,21:10,21:24,167.0,155.0,14.0,21:41,17.0,0.0,0.0,0.0,0.0,0.0,0
AA,2025-05-24,2507.0,N848NN,MIA,TPA,16:56,16:53,63.0,125.0,-3.0,18:04,71.0,0.0,0.0,59.0,0.0,0.0,0
AA,2024-08-29,1451.0,N838NN,MIA,IAH,15:30,16:23,166.0,173.0,53.0,16:54,31.0,0.0,3.0,7.0,0.0,50.0,0
AA,2023-01-21,619.0,N341RW,MIA,SLC,09:02,09:12,334.0,312.0,10.0,09:30,18.0,0.0,0.0,0.0,0.0,0.0,0
AA,2025-08-13,475.0,N443AA,MIA,BOS,12:46,14:24,211.0,199.0,98.0,14:43,19.0,0.0,0.0,86.0,0.0,0.0,0
AA,2025-03-16,2290.0,N982VJ,MIA,LAX,18:55,18:55,364.0,393.0,0.0,19:43,48.0,0.0,0.0,29.0,0.0,0.0,0
B6,2024-08-30,2718.0,N267JB,JFK,BOS,08:00,07:58,79.0,100.0,-2.0,08:55,57.0,0.0,0.0,19.0,0.0,0.0,0
B6,2023-06-12,225.0,N646JB,JFK,TPA,17:30,17:35,184.0,227.0,5.0,18:37,62.0,5.0,0.0,43.0,0.0,0.0,0
B6,2024-06-14,1.0,N629JB,JFK,FLL,09:25,09:24,181.0,173.0,-1.0,09:41,17.0,0.0,0.0,0.0,0.0,0.0,0
B6,2024-06-03,263.0,N987JT,JFK,SEA,19:30,20:38,379.0,375.0,68.0,21:04,26.0,26.0,0.0,0.0,0.0,38.0,0
B6,2024-11-04,2473.0,N3156J,JFK,CHS,11:59,11:55,137.0,127.0,-4.0,12:16,21.0,0.0,0.0,0.0,0.0,0.0,0
B6,2023-02-23,355.0,N594JB,JFK,ONT,20:00,20:20,369.0,0.0,20.0,20:38,18.0,0.0,0.0,0.0,0.0,0.0,0
B6,2023-03-07,1419.0,N206JB,JFK,DTW,20:43,20:42,135.0,136.0,-1.0,21:15,33.0,0.0,0.0,0.0,0.0,0.0,0
B6,2024-10-18,2473.0,N2044J,JFK,CHS,15:43,16:04,138.0,110.0,21.0,16:22,18.0,0.0,0.0,0.0,0.0,0.0,0
B6,2023-04-07,383.0,N973JT,JFK,MCO,10:45,11:06,171.0,165.0,21.0,11:24,18.0,15.0,0.0,0.0,0.0,0.0,0
B6,2025-11-13,601.0,N729JB,JFK,FLL,07:30,07:25,190.0,175.0,-5.0,07:46,21.0,0.0,0.0,0.0,0.0,0.0,0
B6,2025-11-12,1273.0,N3241J,JFK,CHS,20:10,20:00,137.0,132.0,-10.0,20:19,19.0,0.0,0.0,0.0,0.0,0.0,0
B6,2025-02-23,403.0,N971JT,JFK,SJU,20:59,20:52,244.0,225.0,-7.0,21:18,26.0,0.0,0.0,0.0,0.0,0.0,0
B6,2026-02-10,615.0,N978JB,JFK,SFO,17:30,17:18,410.0,429.0,-12.0,17:33,15.0,0.0,0.0,0.0,0.0,0.0,0
B6,2023-02-03,518.0,N231JB,JFK,BOS,06:30,06:20,73.0,61.0,-10.0,06:41,21.0,0.0,0.0,0.0,0.0,0.0,0
B6,2023-07-23,1083.0,N661JB,JFK,MCO,10:46,10:51,174.0,192.0,5.0,11:08,17.0,0.0,0.0,23.0,0.0,0.0,0
B6,2023-02-17,318.0,N265JB,JFK,BOS,21:45,22:19,71.0,80.0,34.0,22:49,30.0,29.0,0.0,9.0,0.0,5.0,0
B6,2026-01-16,1153.0,N618JB,JFK,PBI,06:30,06:24,184.0,170.0,-6.0,06:47,23.0,0.0,0.0,0.0,0.0,0.0,0
B6,2024-08-01,519.0,N3203J,JFK,ATL,06:03,05:59,141.0,130.0,-4.0,06:20,21.0,0.0,0.0,0.0,0.0,0.0,0
B6,2023-10-03,2.0,N265JB,JFK,BUF,20:30,20:34,91.0,91.0,4.0,21:07,33.0,0.0,0.0,0.0,0.0,0.0,0
B6,2024-03-30,503.0,N2039J,JFK,SJU,06:30,06:23,224.0,208.0,-7.0,06:40,17.0,0.0,0.0,0.0,0.0,0.0,0
B6,2023-03-03,1118.0,N348JB,JFK,BOS,15:45,15:38,79.0,59.0,-7.0,15:58,20.0,0.0,0.0,0.0,0.0,0.0,0
B6,2023-06-16,89.0,N967JT,JFK,SAN,20:54,22:46,360.0,352.0,112.0,23:13,27.0,15.0,0.0,0.0,0.0,89.0,0
B6,2023-05-15,725.0,N537JT,JFK,SAT,11:00,10:55,253.0,231.0,-5.0,11:15,20.0,0.0,0.0,0.0,0.0,0.0,0
B6,2026-02-27,1701.0,N595JB,JFK,FLL,20:30,20:29,198.0,201.0,-1.0,20:48,19.0,0.0,0.0,0.0,0.0,0.0,0
B6,2023-01-27,89.0,N978JB,JFK,SAN,21:00,20:52,378.0,373.0,-8.0,21:07,15.0,0.0,0.0,0.0,0.0,0.0,0
B6,2025-05-28,511.0,N986JB,JFK,LAS,10:29,10:16,340.0,323.0,-13.0,10:37,21.0,0.0,0.0,0.0,0.0,0.0,0
B6,2025-02-16,1186.0,N3125J,JFK,ROC,13:44,18:32,85.0,111.0,288.0,19:17,45.0,184.0,0.0,26.0,0.0,104.0,0
B6,2025-07-06,1318.0,N590JB,JFK,BOS,22:59,23:31,88.0,68.0,32.0,23:51,20.0,0.0,0.0,0.0,0.0,0.0,0
B6,2023-06-22,679.0,N3065J,JFK,MKE,14:30,14:24,156.0,136.0,-6.0,14:53,29.0,0.0,0.0,0.0,0.0,0.0,0
B6,2025-02-22,2725.0,N3085J,JFK,TPA,09:45,09:39,187.0,179.0,-6.0,09:57,18.0,0.0,0.0,0.0,0.0,0.0,0
B6,2024-12-01,2715.0,N987JT,JFK,LAX,20:30,20:35,404.0,359.0,5.0,20:54,19.0,0.0,0.0,0.0,0.0,0.0,0
B6,2024-10-07,2201.0,N531JL,JFK,FLL,13:40,13:40,188.0,183.0,0.0,14:07,27.0,0.0,0.0,0.0,0.0,0.0,0
B6,2024-02-17,65.0,N3077J,JFK,ABQ,20:00,00:30,310.0,298.0,270.0,00:45,15.0,204.0,0.0,0.0,0.0,54.0,0
B6,2023-08-30,403.0,N2084J,JFK,SJU,22:59,23:16,233.0,234.0,17.0,23:45,29.0,17.0,0.0,1.0,0.0,0.0,0
B6,2025-03-13,1083.0,N779JB,JFK,MCO,12:20,12:12,176.0,168.0,-8.0,12:25,13.0,0.0,0.0,0.0,0.0,0.0,0
B6,2023-05-22,775.0,N986JB,JFK,LAS,19:40,19:34,365.0,326.0,-6.0,20:01,27.0,0.0,0.0,0.0,0.0,0.0,0
B6,2025-06-28,618.0,N3157J,JFK,BOS,15:25,17:40,88.0,102.0,135.0,18:22,42.0,0.0,0.0,126.0,0.0,23.0,0
B6,2023-08-28,1903.0,N975JT,JFK,SJU,18:30,20:16,239.0,236.0,106.0,20:50,34.0,84.0,0.0,0.0,0.0,19.0,0
B6,2025-08-31,419.0,N563JB,JFK,ATL,13:50,14:30,159.0,140.0,40.0,14:49,19.0,13.0,0.0,0.0,0.0,8.0,0
B6,2025-11-16,2053.0,N643JB,JFK,PBI,19:29,20:04,180.0,174.0,35.0,20:31,27.0,17.0,0.0,0.0,0.0,12.0,0
B6,2023-04-02,953.0,N187JB,JFK,PBI,09:00,10:21,182.0,176.0,81.0,10:32,11.0,75.0,0.0,0.0,0.0,0.0,0
B6,2023-01-26,1601.0,N2017J,JFK,FLL,12:05,15:45,195.0,230.0,220.0,16:03,18.0,191.0,0.0,35.0,0.0,29.0,0
B6,2024-09-26,295.0,N591JB,JFK,AUS,08:29,08:28,246.0,301.0,-1.0,08:43,15.0,0.0,0.0,54.0,0.0,0.0,0
B6,2023-10-24,583.0,N948JB,JFK,MCO,06:30,06:22,154.0,149.0,-8.0,06:41,19.0,0.0,0.0,0.0,0.0,0.0,0
B6,2023-01-12,285.0,N334JB,JFK,RDU,10:55,10:52,108.0,92.0,-3.0,11:05,13.0,0.0,0.0,0.0,0.0,0.0,0
B6,2024-06-01,975.0,N571JB,JFK,MSY,14:00,14:02,204.0,212.0,2.0,14:39,37.0,0.0,0.0,0.0,0.0,0.0,0
B6,2025-05-16,677.0,N3169J,JFK,JAX,08:05,08:09,155.0,154.0,4.0,08:47,38.0,0.0,0.0,0.0,0.0,0.0,0
B6,2024-07-06,75.0,N3194J,JFK,MSY,08:00,08:23,193.0,242.0,23.0,09:37,74.0,8.0,0.0,49.0,0.0,15.0,0
B6,2025-05-03,1318.0,N3221J,JFK,BOS,22:59,23:19,80.0,59.0,20.0,23:33,14.0,0.0,0.0,0.0,0.0,0.0,0
B6,2025-09-18,2473.0,N3113J,JFK,CHS,15:30,15:24,135.0,137.0,-6.0,15:44,20.0,0.0,0.0,0.0,0.0,0.0,0
B6,2024-04-13,501.0,N709JB,JFK,FLL,20:35,20:25,195.0,175.0,-10.0,20:50,25.0,0.0,0.0,0.0,0.0,0.0,0
B6,2024-09-22,1118.0,N318JB,JFK,BOS,16:45,16:46,87.0,74.0,1.0,17:11,25.0,0.0,0.0,0.0,0.0,0.0,0
B6,2024-03-02,2023.0,N964JT,JFK,LAX,08:00,08:26,383.0,381.0,26.0,08:52,26.0,1.0,0.0,0.0,0.0,23.0,0
B6,2023-10-20,135.0,N2084J,JFK,PHX,20:15,20:17,329.0,364.0,2.0,21:22,65.0,2.0,0.0,35.0,0.0,0.0,0
B6,2023-02-18,1053.0,N805JB,JFK,PBI,21:40,22:04,181.0,162.0,24.0,22:22,18.0,0.0,0.0,0.0,0.0,0.0,0
B6,2025-07-06,308.0,N3232J,JFK,PWM,22:45,23:45,92.0,63.0,60.0,00:01,16.0,24.0,0.0,0.0,0.0,7.0,0
B6,2023-06-18,2593.0,N779JB,JFK,MIA,11:30,12:05,187.0,158.0,35.0,12:18,13.0,0.0,0.0,0.0,0.0,0.0,0
B6,2026-01-17,486.0,N3215J,JFK,ROC,21:59,21:59,89.0,103.0,0.0,22:42,43.0,0.0,0.0,0.0,0.0,0.0,0
B6,2025-06-30,83.0,N584JB,JFK,MCO,12:00,13:26,173.0,184.0,86.0,14:04,38.0,86.0,0.0,11.0,0.0,0.0,0
B6,2024-12-21,815.0,N946JL,JFK,SFO,18:30,20:17,403.0,408.0,107.0,20:57,40.0,0.0,0.0,5.0,0.0,107.0,0
B6,2023-05-04,745.0,N554JB,JFK,PSE,21:59,21:58,246.0,230.0,-1.0,22:25,27.0,0.0,0.0,0.0,0.0,0.0,0
B6,2025-04-19,1903.0,N2029J,JFK,SJU,16:40,16:37,245.0,213.0,-3.0,16:58,21.0,0.0,0.0,0.0,0.0,0.0,0
B6,2025-08-18,318.0,N3085J,JFK,BOS,14:45,14:53,88.0,91.0,8.0,15:23,30.0,0.0,0.0,0.0,0.0,0.0,0
B6,2024-01-13,1385.0,N317JB,JFK,RDU,21:59,23:38,118.0,96.0,99.0,23:51,13.0,77.0,0.0,0.0,0.0,0.0,0
B6,2024-10-30,1153.0,N3132J,JFK,PBI,20:25,20:18,187.0,171.0,-7.0,20:53,35.0,0.0,0.0,0.0,0.0,0.0,0
B6,2024-04-15,15.0,N978JB,JFK,SFO,06:30,06:26,383.0,365.0,-4.0,06:36,10.0,0.0,0.0,0.0,0.0,0.0,0
B6,2024-11-14,1386.0,N3195J,JFK,ROC,10:30,10:20,83.0,71.0,-10.0,10:37,17.0,0.0,0.0,0.0,0.0,0.0,0
B6,2024-01-19,1529.0,N796JB,JFK,RSW,08:00,07:57,186.0,209.0,-3.0,08:32,35.0,0.0,0.0,20.0,0.0,0.0,0
B6,2024-11-12,723.0,N2165J,JFK,LAX,10:29,10:21,381.0,359.0,-8.0,10:43,22.0,0.0,0.0,0.0,0.0,0.0,0
B6,2024-01-07,116.0,N306JB,JFK,SYR,14:59,15:01,78.0,76.0,2.0,15:27,26.0,0.0,0.0,0.0,0.0,0.0,0
B6,2023-01-25,1295.0,N562JB,JFK,AUS,20:35,21:58,264.0,269.0,83.0,22:23,25.0,13.0,0.0,5.0,0.0,70.0,0
B6,2024-07-30,1497.0,N638JB,JFK,DEN,09:50,09:49,263.0,256.0,-1.0,10:11,22.0,0.0,0.0,0.0,0.0,0.0,0
B6,2023-11-05,519.0,N585JB,JFK,ATL,08:10,08:16,159.0,131.0,6.0,08:40,24.0,0.0,0.0,0.0,0.0,0.0,0
B6,2024-04-04,53.0,N531JL,JFK,PBI,17:30,17:31,186.0,181.0,1.0,17:49,18.0,0.0,0.0,0.0,0.0,0.0,0
B6,2023-09-09,35.0,N807JB,JFK,PHX,11:25,11:17,320.0,288.0,-8.0,11:29,12.0,0.0,0.0,0.0,0.0,0.0,0
B6,2023-05-02,2901.0,N2044J,JFK,FLL,17:59,18:05,197.0,190.0,6.0,18:24,19.0,0.0,0.0,0.0,0.0,0.0,0
B6,2025-01-26,163.0,N3058J,JFK,SRQ,06:30,06:31,189.0,182.0,1.0,06:47,16.0,0.0,0.0,0.0,0.0,0.0,0
B6,2025-06-15,323.0,N990JL,JFK,LAX,08:01,07:50,360.0,352.0,-11.0,08:22,32.0,0.0,0.0,0.0,0.0,0.0,0
B6,2023-04-01,2093.0,N571JB,JFK,MIA,16:45,16:51,198.0,185.0,6.0,17:14,23.0,0.0,0.0,0.0,0.0,0.0,0
B6,2023-06-24,75.0,N523JB,JFK,MSY,14:52,16:18,213.0,0.0,86.0,00:00,0.0,0.0,0.0,0.0,0.0,0.0,1
B6,2025-04-24,1401.0,N652JB,JFK,FLL,16:30,16:17,196.0,184.0,-13.0,16:49,32.0,0.0,0.0,0.0,0.0,0.0,0
B6,2024-08-20,2123.0,N993JE,JFK,LAX,10:10,10:10,355.0,349.0,0.0,10:44,34.0,0.0,0.0,0.0,0.0,0.0,0
B6,2026-02-02,1189.0,N2157J,JFK,SAN,16:40,16:35,385.0,358.0,-5.0,16:56,21.0,0.0,0.0,0.0,0.0,0.0,0
B6,2023-02-27,839.0,N652JB,JFK,BQN,23:45,00:19,225.0,311.0,34.0,02:13,114.0,0.0,34.0,86.0,0.0,0.0,0
B6,2023-12-17,1185.0,N238JB,JFK,RDU,17:59,18:30,113.0,133.0,31.0,19:14,44.0,29.0,0.0,20.0,0.0,2.0,0
B6,2023-02-22,2183.0,N317JB,JFK,MCO,21:55,23:12,177.0,161.0,77.0,23:37,25.0,61.0,0.0,0.0,0.0,0.0,0
B6,2023-09-06,15.0,N946JL,JFK,SFO,06:30,06:22,372.0,366.0,-8.0,06:38,16.0,0.0,0.0,0.0,0.0,0.0,0
B6,2024-09-10,163.0,N3156J,JFK,SRQ,14:30,14:23,189.0,173.0,-7.0,14:41,18.0,0.0,0.0,0.0,0.0,0.0,0
B6,2023-05-24,73.0,N358JB,JFK,BNA,17:20,17:13,157.0,156.0,-7.0,17:57,44.0,0.0,0.0,0.0,0.0,0.0,0
B6,2025-06-18,820.0,N3229J,JFK,DTW,21:40,21:39,137.0,252.0,-1.0,00:15,156.0,0.0,0.0,114.0,0.0,0.0,0
B6,2023-06-05,219.0,N807JB,JFK,DTW,09:33,09:50,125.0,106.0,17.0,10:08,18.0,0.0,0.0,0.0,0.0,0.0,0
B6,2025-08-02,1273.0,N715JB,JFK,CHS,08:00,08:03,135.0,143.0,3.0,08:39,36.0,0.0,0.0,0.0,0.0,0.0,0
B6,2023-10-21,711.0,N794JB,JFK,LAS,17:55,19:27,343.0,338.0,92.0,19:48,21.0,87.0,0.0,0.0,0.0,0.0,0
B6,2024-08-04,2101.0,N613JB,JFK,FLL,20:29,23:08,193.0,175.0,159.0,23:28,20.0,0.0,0.0,108.0,0.0,33.0,0
B6,2023-06-02,871.0,N637JB,JFK,SLC,12:29,12:23,319.0,280.0,-6.0,12:42,19.0,0.0,0.0,0.0,0.0,0.0,0
B6,2024-03-28,745.0,N653JB,JFK,PSE,22:29,22:23,235.0,239.0,-6.0,22:47,24.0,0.0,0.0,0.0,0.0,0.0,0
B6,2025-07-17,419.0,N597JB,JFK,ATL,13:50,18:42,159.0,167.0,292.0,19:36,54.0,49.0,0.0,8.0,0.0,243.0,0
B6,2024-09-11,601.0,N949JT,JFK,FLL,06:24,06:18,181.0,179.0,-6.0,06:33,15.0,0.0,0.0,0.0,0.0,0.0,0
B6,2024-06-17,161.0,N974JT,JFK,SMF,18:45,19:25,375.0,382.0,40.0,20:00,35.0,40.0,0.0,7.0,0.0,0.0,0
B6,2023-03-11,815.0,N929JB,JFK,SFO,18:10,18:15,400.0,383.0,5.0,18:31,16.0,0.0,0.0,0.0,0.0,0.0,0
B6,2023-04-02,503.0,N971JT,JFK,SJU,08:30,08:35,237.0,268.0,5.0,09:25,50.0,5.0,0.0,31.0,0.0,0.0,0
B6,2023-11-23,601.0,N2084J,JFK,FLL,07:00,06:57,186.0,162.0,-3.0,07:11,14.0,0.0,0.0,0.0,0.0,0.0,0
B6,2023-02-19,1634.0,N355JB,JFK,BTV,09:05,09:05,79.0,73.0,0.0,09:30,25.0,0.0,0.0,0.0,0.0,0.0,0
B6,2024-04-13,2725.0,N729JB,JFK,TPA,07:40,07:36,175.0,161.0,-4.0,07:52,16.0,0.0,0.0,0.0,0.0,0.0,0
B6,2023-10-08,419.0,N229JB,JFK,ATL,18:30,19:37,153.0,141.0,67.0,19:54,17.0,31.0,0.0,0.0,0.0,24.0,0
B6,2024-03-01,2703.0,N975JT,JFK,SJU,13:00,13:16,222.0,206.0,16.0,13:32,16.0,0.0,0.0,0.0,0.0,0.0,0
B6,2025-08-20,283.0,N624JB,JFK,MCO,18:30,18:23,194.0,187.0,-7.0,19:13,50.0,0.0,0.0,0.0,0.0,0.0,0
B6,2023-04-05,1277.0,N281JB,JFK,JAX,21:30,01:41,157.0,134.0,251.0,01:59,18.0,24.0,0.0,0.0,0.0,204.0,0
B6,2026-02-11,615.0,N979JT,JFK,SFO,17:29,17:25,410.0,413.0,-4.0,17:53,28.0,0.0,0.0,0.0,0.0,0.0,0
B6,2024-11-29,1801.0,N659JB,JFK,FLL,18:45,18:40,209.0,196.0,-5.0,19:09,29.0,0.0,0.0,0.0,0.0,0.0,0
B6,2024-04-28,219.0,N3104J,JFK,DTW,06:34,06:25,124.0,110.0,-9.0,06:39,14.0,0.0,0.0,0.0,0.0,0.0,0
B6,2023-12-14,677.0,N534JB,JFK,JAX,07:10,07:09,164.0,140.0,-1.0,07:33,24.0,0.0,0.0,0.0,0.0,0.0,0
B6,2025-02-23,2503.0,N706JB,JFK,SJU,18:45,19:10,231.0,218.0,25.0,19:37,27.0,0.0,0.0,0.0,0.0,0.0,0
B6,2026-01-23,1729.0,N3289J,JFK,RSW,15:10,15:40,200.0,201.0,30.0,16:10,30.0,0.0,0.0,1.0,0.0,30.0,0
B6,2023-05-10,1721.0,N508JL,JFK,MSY,13:20,13:17,201.0,172.0,-3.0,13:30,13.0,0.0,0.0,0.0,0.0,0.0,0
B6,2024-03-27,2539.0,N2027J,JFK,BQN,09:30,09:23,228.0,244.0,-7.0,10:07,44.0,0.0,0.0,0.0,0.0,0.0,0
B6,2025-10-19,135.0,N638JB,JFK,PHX,19:20,19:39,344.0,370.0,19.0,20:52,73.0,19.0,0.0,26.0,0.0,0.0,0
B6,2023-06-24,871.0,N580JB,JFK,SLC,10:30,10:37,307.0,311.0,7.0,11:10,33.0,0.0,0.0,0.0,0.0,0.0,0
B6,2025-08-14,1223.0,N987JT,JFK,LAX,21:10,21:07,379.0,353.0,-3.0,21:36,29.0,0.0,0.0,0.0,0.0,0.0,0
B6,2023-03-11,1677.0,N506JB,JFK,JAX,13:40,13:57,164.0,142.0,17.0,14:21,24.0,0.0,0.0,0.0,0.0,0.0,0
B6,2025-10-26,411.0,N982JB,JFK,LAS,06:00,06:06,343.0,324.0,6.0,06:22,16.0,0.0,0.0,0.0,0.0,0.0,0
B6,2025-10-06,1677.0,N665JB,JFK,JAX,20:20,21:03,176.0,162.0,43.0,21:43,40.0,15.0,0.0,0.0,0.0,14.0,0
B6,2025-04-04,53.0,N804JB,JFK,PBI,09:50,09:43,194.0,194.0,-7.0,10:05,22.0,0.0,0.0,0.0,0.0,0.0,0
B6,2023-03-18,1673.0,N281JB,JFK,BNA,14:59,14:53,165.0,162.0,-6.0,15:10,17.0,0.0,0.0,0.0,0.0,0.0,0
B6,2023-07-03,685.0,N2016J,JFK,RDU,14:25,14:37,115.0,112.0,12.0,15:04,27.0,0.0,0.0,0.0,0.0,0.0,0
B6,2023-02-22,923.0,N978JB,JFK,LAX,05:45,05:37,379.0,402.0,-8.0,05:53,16.0,0.0,0.0,15.0,0.0,0.0,0
B6,2023-04-12,1053.0,N629JB,JFK,PBI,05:45,05:39,167.0,152.0,-6.0,05:52,13.0,0.0,0.0,0.0,0.0,0.0,0
B6,2023-12-14,1849.0,N634JB,JFK,PSP,17:56,17:52,369.0,323.0,-4.0,18:05,13.0,0.0,0.0,0.0,0.0,0.0,0
B6,2025-10-20,161.0,N2044J,JFK,SMF,18:50,18:44,379.0,397.0,-6.0,19:34,50.0,0.0,0.0,0.0,0.0,0.0,0
B6,2024-03-29,183.0,N952JB,JFK,MCO,14:30,14:41,182.0,196.0,11.0,15:16,35.0,11.0,0.0,14.0,0.0,0.0,0
B6,2023-09-08,89.0,N989JT,JFK,SAN,21:30,00:00,363.0,0.0,0.0,00:00,0.0,0.0,0.0,0.0,0.0,0.0,1
B6,2026-02-12,2201.0,N966JT,JFK,FLL,08:05,08:14,200.0,188.0,9.0,08:59,45.0,0.0,0.0,0.0,0.0,0.0,0
B6,2023-02-03,953.0,N712JB,JFK,PBI,07:00,08:22,189.0,194.0,82.0,08:43,21.0,82.0,0.0,5.0,0.0,0.0,0
B6,2023-03-22,601.0,N2002J,JFK,FLL,07:35,07:29,199.0,165.0,-6.0,07:52,23.0,0.0,0.0,0.0,0.0,0.0,0
B6,2024-01-04,116.0,N265JB,JFK,SYR,14:55,15:10,78.0,68.0,15.0,15:25,15.0,0.0,0.0,0.0,0.0,0.0,0
B6,2024-12-26,2201.0,N652JB,JFK,FLL,09:00,08:59,188.0,191.0,-1.0,09:35,36.0,0.0,0.0,0.0,0.0,0.0,0
B6,2024-12-02,1401.0,N659JB,JFK,FLL,14:55,15:06,199.0,187.0,11.0,15:31,25.0,0.0,0.0,0.0,0.0,0.0,0
B6,2025-04-23,1701.0,N566JB,JFK,FLL,20:43,20:35,196.0,177.0,-8.0,21:04,29.0,0.0,0.0,0.0,0.0,0.0,0
B6,2025-04-24,1853.0,N3251J,JFK,PBI,14:31,14:45,186.0,176.0,14.0,15:11,26.0,0.0,0.0,0.0,0.0,0.0,0
B6,2024-12-27,71.0,N640JB,JFK,SLC,18:30,19:06,324.0,299.0,36.0,19:32,26.0,0.0,0.0,0.0,0.0,0.0,0
B6,2023-10-22,775.0,N556JB,JFK,MSY,07:59,08:14,191.0,194.0,15.0,08:42,28.0,15.0,0.0,3.0,0.0,0.0,0
B6,2024-08-26,679.0,N3196J,JFK,MKE,13:29,13:52,146.0,154.0,23.0,14:30,38.0,23.0,0.0,8.0,0.0,0.0,0
B6,2024-04-22,355.0,N605JB,JFK,ONT,19:10,19:15,366.0,350.0,5.0,19:41,26.0,0.0,0.0,0.0,0.0,0.0,0
B6,2024-04-19,295.0,N3123J,JFK,AUS,06:45,06:51,247.0,245.0,6.0,07:11,20.0,0.0,0.0,0.0,0.0,0.0,0
B6,2025-02-09,1529.0,N809JB,JFK,RSW,06:00,05:55,200.0,243.0,-5.0,07:03,68.0,0.0,0.0,38.0,0.0,0.0,0
B6,2025-05-28,2129.0,N2086J,JFK,RSW,16:50,16:40,191.0,225.0,-10.0,17:14,34.0,0.0,0.0,24.0,0.0,0.0,0
B6,2025-01-08,218.0,N958JB,JFK,BOS,07:30,07:22,77.0,81.0,-8.0,07:38,16.0,0.0,0.0,0.0,0.0,0.0,0
B6,2024-07-24,163.0,N3142J,JFK,SRQ,06:59,08:25,180.0,175.0,86.0,08:46,21.0,81.0,0.0,0.0,0.0,0.0,0
B6,2024-11-11,838.0,N805JB,JFK,BQN,15:50,15:49,225.0,221.0,-1.0,16:10,21.0,0.0,0.0,0.0,0.0,0.0,0
B6,2025-11-25,2301.0,N805JB,JFK,FLL,09:25,09:18,188.0,163.0,-7.0,09:28,10.0,0.0,0.0,0.0,0.0,0.0,0
B6,2025-11-04,1887.0,N3257J,JFK,DCA,21:45,22:21,74.0,104.0,36.0,22:34,13.0,36.0,0.0,30.0,0.0,0.0,0
B6,2023-08-08,1677.0,N563JB,JFK,JAX,15:55,16:04,174.0,142.0,9.0,16:22,18.0,0.0,0.0,0.0,0.0,0.0,0
B6,2023-12-13,2601.0,N590JB,JFK,FLL,20:59,21:09,196.0,187.0,10.0,21:33,24.0,0.0,0.0,0.0,0.0,0.0,0
B6,2023-10-08,1501.0,N583JB,JFK,FLL,21:45,22:53,185.0,168.0,68.0,23:07,14.0,22.0,0.0,0.0,0.0,29.0,0
B6,2025-03-05,711.0,N964JT,JFK,LAS,18:10,18:00,349.0,405.0,-10.0,19:24,84.0,0.0,0.0,46.0,0.0,0.0,0
B6,2023-11-27,1677.0,N627JB,JFK,JAX,20:30,23:50,166.0,153.0,200.0,00:07,17.0,61.0,0.0,0.0,0.0,126.0,0
B6,2026-01-21,225.0,N564JB,JFK,TPA,20:30,20:21,194.0,192.0,-9.0,20:38,17.0,0.0,0.0,0.0,0.0,0.0,0
B6,2026-01-21,383.0,N998JE,JFK,MCO,20:00,20:04,188.0,178.0,4.0,20:18,14.0,0.0,0.0,0.0,0.0,0.0,0
B6,2023-06-11,2802.0,N328JB,JFK,BUF,06:30,06:22,82.0,73.0,-8.0,06:36,14.0,0.0,0.0,0.0,0.0,0.0,0
B6,2024-04-30,1701.0,N633JB,JFK,FLL,21:56,22:07,195.0,180.0,11.0,22:33,26.0,0.0,0.0,0.0,0.0,0.0,0
B6,2024-01-17,116.0,N258JB,JFK,SYR,14:59,15:50,78.0,74.0,51.0,16:09,19.0,47.0,0.0,0.0,0.0,0.0,0
B6,2023-12-14,871.0,N554JB,JFK,SLC,11:00,11:09,315.0,270.0,9.0,11:21,12.0,0.0,0.0,0.0,0.0,0.0,0
B6,2024-11-12,2223.0,N961JT,JFK,LAX,11:30,11:25,381.0,356.0,-5.0,11:41,16.0,0.0,0.0,0.0,0.0,0.0,0
B6,2023-12-29,2767.0,N329JB,JFK,JAX,15:59,16:57,161.0,154.0,58.0,17:08,11.0,33.0,0.0,0.0,0.0,18.0,0
B6,2024-07-10,711.0,N989JT,JFK,LAS,20:00,19:53,346.0,387.0,-7.0,21:25,92.0,0.0,0.0,34.0,0.0,0.0,0
B6,2024-10-27,1283.0,N3138J,JFK,MCO,15:44,16:24,185.0,175.0,40.0,16:48,24.0,21.0,0.0,0.0,0.0,9.0,0
B6,2026-01-20,753.0,N703JB,JFK,PBI,16:51,16:48,188.0,183.0,-3.0,17:05,17.0,0.0,0.0,0.0,0.0,0.0,0
B6,2023-01-23,711.0,N995JL,JFK,LAS,18:19,20:27,361.0,360.0,128.0,21:14,47.0,58.0,0.0,0.0,0.0,69.0,0
B6,2025-05-04,711.0,N964JT,JFK,LAS,19:40,19:47,365.0,320.0,7.0,20:25,38.0,0.0,0.0,0.0,0.0,0.0,0
B6,2024-09-19,2718.0,N746JB,JFK,BOS,08:05,07:57,78.0,85.0,-8.0,08:25,28.0,0.0,0.0,0.0,0.0,0.0,0
B6,2023-03-01,161.0,N2060J,JFK,SMF,18:44,18:40,385.0,407.0,-4.0,19:19,39.0,0.0,0.0,18.0,0.0,0.0,0
B6,2024-03-04,125.0,N569JB,JFK,TPA,14:33,14:25,185.0,162.0,-8.0,14:44,19.0,0.0,0.0,0.0,0.0,0.0,0
B6,2024-02-17,186.0,N267JB,JFK,ROC,12:09,12:25,79.0,107.0,16.0,13:06,41.0,16.0,0.0,28.0,0.0,0.0,0
B6,2023-09-08,2719.0,N595JB,JFK,ATL,11:45,14:02,141.0,176.0,137.0,14:41,39.0,67.0,0.0,35.0,0.0,70.0,0
B6,2024-01-07,623.0,N990JL,JFK,LAX,14:59,15:00,370.0,367.0,1.0,15:17,17.0,0.0,0.0,0.0,0.0,0.0,0
B6,2023-08-11,953.0,N658JB,JFK,PBI,09:43,10:24,178.0,152.0,41.0,10:35,11.0,10.0,0.0,0.0,0.0,5.0,0
B6,2025-12-19,483.0,N523JB,JFK,MCO,17:04,00:00,191.0,0.0,0.0,00:00,0.0,0.0,0.0,0.0,0.0,0.0,1
B6,2023-12-11,161.0,N996JL,JFK,SMF,18:30,19:23,394.0,372.0,53.0,19:49,26.0,31.0,0.0,0.0,0.0,0.0,0
B6,2025-02-01,218.0,N317JB,JFK,BOS,07:30,07:27,77.0,72.0,-3.0,07:57,30.0,0.0,0.0,0.0,0.0,0.0,0
B6,2025-12-06,841.0,N3194J,JFK,SAV,09:29,09:16,154.0,194.0,-13.0,09:33,17.0,0.0,0.0,27.0,0.0,0.0,0
B6,2025-11-07,2101.0,N3194J,JFK,SYR,10:25,10:52,77.0,74.0,27.0,11:14,22.0,14.0,0.0,0.0,0.0,10.0,0
B6,2023-01-31,2093.0,N607JB,JFK,MIA,16:48,16:43,202.0,192.0,-5.0,17:17,34.0,0.0,0.0,0.0,0.0,0.0,0
B6,2023-07-18,411.0,N969JT,JFK,LAS,07:05,07:01,327.0,316.0,-4.0,07:17,16.0,0.0,0.0,0.0,0.0,0.0,0
B6,2023-07-13,1515.0,N982JB,JFK,SFO,10:58,10:56,382.0,376.0,-2.0,11:10,14.0,0.0,0.0,0.0,0.0,0.0,0
B6,2024-08-27,285.0,N3145J,JFK,RDU,12:20,12:24,108.0,90.0,4.0,12:44,20.0,0.0,0.0,0.0,0.0,0.0,0
B6,2023-09-28,2516.0,N249JB,JFK,SYR,21:55,21:54,80.0,79.0,-1.0,22:26,32.0,0.0,0.0,0.0,0.0,0.0,0
B6,2024-06-19,1186.0,N3162J,JFK,ROC,21:59,21:56,95.0,92.0,-3.0,22:31,35.0,0.0,0.0,0.0,0.0,0.0,0
B6,2025-04-19,1801.0,N618JB,JFK,FLL,18:30,18:29,200.0,151.0,-1.0,18:42,13.0,0.0,0.0,0.0,0.0,0.0,0
B6,2025-12-07,1189.0,N2180J,JFK,SAN,15:55,15:51,376.0,359.0,-4.0,16:06,15.0,0.0,0.0,0.0,0.0,0.0,0
B6,2025-03-24,1601.0,N586JB,JFK,FLL,11:30,11:27,186.0,222.0,-3.0,12:18,51.0,0.0,0.0,33.0,0.0,0.0,0
B6,2024-03-09,1185.0,N3044J,JFK,RDU,18:29,18:54,115.0,147.0,25.0,19:52,58.0,25.0,0.0,32.0,0.0,0.0,0
B6,2025-11-10,223.0,N2188J,JFK,LAX,12:00,12:09,378.0,356.0,9.0,12:26,17.0,0.0,0.0,0.0,0.0,0.0,0
B6,2024-03-08,2093.0,N559JB,JFK,MIA,16:15,16:14,193.0,173.0,-1.0,16:33,19.0,0.0,0.0,0.0,0.0,0.0,0
B6,2023-05-20,918.0,N179JB,JFK,BOS,22:29,00:43,81.0,60.0,134.0,01:01,18.0,13.0,0.0,0.0,0.0,100.0,0
B6,2023-02-18,2473.0,N593JB,JFK,CHS,15:40,15:34,146.0,137.0,-6.0,16:03,29.0,0.0,0.0,0.0,0.0,0.0,0
B6,2024-09-12,2129.0,N630JB,JFK,RSW,14:03,13:59,199.0,173.0,-4.0,14:12,13.0,0.0,0.0,0.0,0.0,0.0,0
B6,2023-06-23,2701.0,N793JB,JFK,FLL,06:30,06:28,181.0,180.0,-2.0,06:53,25.0,0.0,0.0,0.0,0.0,0.0,0
B6,2025-09-19,1202.0,N3258J,JFK,BUF,17:30,17:25,94.0,73.0,-5.0,17:41,16.0,0.0,0.0,0.0,0.0,0.0,0
B6,2025-04-11,815.0,N935JB,JFK,SFO,18:40,18:40,405.0,371.0,0.0,19:10,30.0,0.0,0.0,0.0,0.0,0.0,0
B6,2025-01-06,601.0,N3118J,JFK,FLL,06:59,07:01,190.0,191.0,2.0,07:19,18.0,0.0,0.0,0.0,0.0,0.0,0
B6,2025-03-19,2293.0,N655JB,JFK,MIA,06:00,05:55,187.0,163.0,-5.0,06:16,21.0,0.0,0.0,0.0,0.0,0.0,0
B6,2025-07-12,1523.0,N2156J,JFK,LAX,16:59,17:04,379.0,458.0,5.0,19:20,136.0,0.0,0.0,84.0,0.0,0.0,0
B6,2026-01-06,1.0,N607JB,JFK,FLL,06:30,06:29,190.0,161.0,-1.0,06:45,16.0,0.0,0.0,0.0,0.0,0.0,0
B6,2024-02-14,486.0,N265JB,JFK,ROC,21:45,21:44,97.0,79.0,-1.0,22:01,17.0,0.0,0.0,0.0,0.0,0.0,0
B6,2025-01-18,2285.0,N3118J,JFK,RDU,08:29,08:53,115.0,106.0,24.0,09:16,23.0,15.0,0.0,0.0,0.0,0.0,0
B6,2024-07-09,679.0,N3185J,JFK,MKE,13:30,13:22,145.0,137.0,-8.0,13:37,15.0,0.0,0.0,0.0,0.0,0.0,0
B6,2025-04-01,403.0,N2039J,JFK,SJU,19:20,19:26,248.0,240.0,6.0,20:06,40.0,0.0,0.0,0.0,0.0,0.0,0
B6,2023-06-19,89.0,N993JE,JFK,SAN,20:54,20:57,360.0,354.0,3.0,21:36,39.0,0.0,0.0,0.0,0.0,0.0,0
B6,2023-12-26,823.0,N968JT,JFK,LAX,16:30,16:59,385.0,333.0,29.0,17:16,17.0,0.0,0.0,0.0,0.0,0.0,0
B6,2023-05-07,219.0,N197JB,JFK,DTW,09:33,09:32,125.0,125.0,-1.0,09:58,26.0,0.0,0.0,0.0,0.0,0.0,0
B6,2025-05-19,483.0,N637JB,JFK,MCO,15:36,15:31,178.0,166.0,-5.0,15:53,22.0,0.0,0.0,0.0,0.0,0.0,0
B6,2024-05-05,1605.0,N834JB,JFK,ORD,14:55,15:00,169.0,158.0,5.0,15:21,21.0,0.0,0.0,0.0,0.0,0.0,0
B6,2023-05-19,1073.0,N983JT,JFK,BNA,07:30,10:40,150.0,140.0,190.0,11:02,22.0,180.0,0.0,0.0,0.0,0.0,0
B6,2024-10-14,359.0,N3156J,JFK,BUR,16:35,16:48,375.0,407.0,13.0,17:47,59.0,13.0,0.0,32.0,0.0,0.0,0
B6,2024-04-18,2583.0,N587JB,JFK,MCO,21:55,21:54,184.0,155.0,-1.0,22:22,28.0,0.0,0.0,0.0,0.0,0.0,0
B6,2025-06-18,2473.0,N3044J,JFK,CHS,15:44,18:00,140.0,147.0,136.0,18:46,46.0,0.0,0.0,143.0,0.0,0.0,0
B6,2023-04-24,659.0,N536JB,JFK,PBI,15:58,15:53,197.0,195.0,-5.0,16:13,20.0,0.0,0.0,0.0,0.0,0.0,0
B6,2023-03-06,676.0,N231JB,JFK,ORH,22:29,23:16,59.0,62.0,47.0,23:37,21.0,0.0,0.0,3.0,0.0,47.0,0
B6,2025-02-04,125.0,N3247J,JFK,TPA,11:28,11:25,188.0,171.0,-3.0,11:39,14.0,0.0,0.0,0.0,0.0,0.0,0
B6,2024-08-10,2285.0,N3145J,JFK,RDU,06:30,08:26,100.0,102.0,116.0,08:58,32.0,75.0,0.0,2.0,0.0,41.0,0
B6,2023-10-10,1419.0,N216JB,JFK,DTW,20:00,19:55,134.0,116.0,-5.0,20:17,22.0,0.0,0.0,0.0,0.0,0.0,0
B6,2023-10-16,1515.0,N944JT,JFK,SFO,13:30,16:58,383.0,344.0,208.0,17:17,19.0,153.0,0.0,0.0,0.0,16.0,0
B6,2023-02-02,403.0,N975JT,JFK,SJU,22:59,22:58,228.0,214.0,-1.0,23:16,18.0,0.0,0.0,0.0,0.0,0.0,0
B6,2024-04-29,161.0,N913JB,JFK,SMF,18:30,18:29,382.0,405.0,-1.0,19:10,41.0,0.0,0.0,22.0,0.0,0.0,0
B6,2025-02-28,218.0,N592JB,JFK,BOS,09:45,09:41,75.0,71.0,-4.0,10:07,26.0,0.0,0.0,0.0,0.0,0.0,0
B6,2023-03-17,518.0,N249JB,JFK,BOS,06:55,06:50,74.0,70.0,-5.0,07:04,14.0,0.0,0.0,0.0,0.0,0.0,0
B6,2023-07-22,411.0,N987JT,JFK,LAS,07:05,06:57,327.0,330.0,-8.0,07:25,28.0,0.0,0.0,0.0,0.0,0.0,0
B6,2023-02-08,2285.0,N558JB,JFK,RDU,14:59,14:48,113.0,87.0,-11.0,15:01,13.0,0.0,0.0,0.0,0.0,0.0,0
B6,2025-04-26,2841.0,N3257J,JFK,SAV,15:31,15:41,150.0,151.0,10.0,16:18,37.0,0.0,0.0,0.0,0.0,0.0,0
B6,2025-07-15,186.0,N3142J,JFK,ROC,09:59,11:41,85.0,76.0,102.0,12:00,19.0,93.0,0.0,0.0,0.0,0.0,0
B6,2023-04-22,745.0,N644JB,JFK,PSE,21:59,21:54,246.0,284.0,-5.0,23:11,77.0,0.0,0.0,33.0,0.0,0.0,0
B6,2025-12-09,675.0,N643JB,JFK,BDL,21:45,21:36,57.0,54.0,-9.0,21:53,17.0,0.0,0.0,0.0,0.0,0.0,0
B6,2024-08-08,355.0,N948JB,JFK,ONT,19:30,19:44,358.0,404.0,14.0,20:55,71.0,0.0,0.0,46.0,0.0,14.0,0
B6,2025-02-12,2623.0,N969JT,JFK,LAX,21:30,21:25,385.0,406.0,-5.0,22:06,41.0,0.0,0.0,16.0,0.0,0.0,0
B6,2025-02-25,663.0,N3169J,JFK,SRQ,14:00,14:00,191.0,182.0,0.0,14:15,15.0,0.0,0.0,0.0,0.0,0.0,0
B6,2024-04-22,1273.0,N273JB,JFK,CHS,10:30,10:32,135.0,157.0,2.0,11:12,40.0,2.0,0.0,22.0,0.0,0.0,0
B6,2023-08-31,189.0,N981JT,JFK,SAN,10:20,10:42,347.0,348.0,22.0,11:07,25.0,22.0,0.0,1.0,0.0,0.0,0
B6,2025-10-16,1223.0,N944JT,JFK,LAX,21:10,21:05,364.0,394.0,-5.0,21:59,54.0,0.0,0.0,25.0,0.0,0.0,0
B6,2023-05-08,283.0,N2086J,JFK,MCO,20:00,19:53,176.0,168.0,-7.0,20:20,27.0,0.0,0.0,0.0,0.0,0.0,0
B6,2023-06-06,2123.0,N934JB,JFK,LAX,08:20,08:12,378.0,352.0,-8.0,08:46,34.0,0.0,0.0,0.0,0.0,0.0,0
B6,2024-05-09,1118.0,N3085J,JFK,BOS,15:30,15:27,79.0,87.0,-3.0,15:46,19.0,0.0,0.0,0.0,0.0,0.0,0
B6,2025-05-05,511.0,N934JB,JFK,LAS,09:50,09:45,348.0,316.0,-5.0,10:24,39.0,0.0,0.0,0.0,0.0,0.0,0
B6,2024-02-17,1401.0,N807JB,JFK,FLL,13:59,15:18,193.0,195.0,79.0,15:37,19.0,16.0,0.0,2.0,0.0,63.0,0
B6,2023-10-07,2129.0,N828JB,JFK,RSW,06:50,06:46,186.0,173.0,-4.0,06:58,12.0,0.0,0.0,0.0,0.0,0.0,0
B6,2023-07-05,703.0,N2102J,JFK,SJU,20:00,20:37,239.0,228.0,37.0,20:57,20.0,26.0,0.0,0.0,0.0,0.0,0
B6,2023-04-25,2201.0,N974JT,JFK,FLL,09:30,09:22,191.0,187.0,-8.0,09:44,22.0,0.0,0.0,0.0,0.0,0.0,0
B6,2025-09-26,183.0,N646JB,JFK,MCO,08:20,08:30,180.0,174.0,10.0,09:03,33.0,0.0,0.0,0.0,0.0,0.0,0
B6,2024-12-01,1893.0,N3232J,JFK,MIA,16:30,17:39,199.0,201.0,69.0,18:03,24.0,69.0,0.0,2.0,0.0,0.0,0
B6,2023-02-21,285.0,N187JB,JFK,RDU,10:00,09:59,111.0,99.0,-1.0,10:15,16.0,0.0,0.0,0.0,0.0,0.0,0
B6,2023-10-01,1073.0,N306JB,JFK,BNA,08:06,08:01,152.0,145.0,-5.0,08:35,34.0,0.0,0.0,0.0,0.0,0.0,0
OH,2025-10-25,5015.0,N544EA,LEX,CLT,14:58,14:47,98.0,85.0,-11.0,15:09,22.0,0.0,0.0,0.0,0.0,0.0,0
OH,2024-10-17,5572.0,N556NN,LEX,CLT,10:57,10:50,87.0,84.0,-7.0,11:09,19.0,0.0,0.0,0.0,0.0,0.0,0
OH,2023-01-24,5103.0,N579NN,LEX,CLT,10:57,11:10,89.0,89.0,13.0,11:33,23.0,0.0,0.0,0.0,0.0,0.0,0
OH,2025-03-30,5035.0,N705PS,LEX,CLT,15:37,15:27,89.0,85.0,-10.0,15:39,12.0,0.0,0.0,0.0,0.0,0.0,0
OH,2025-08-24,5168.0,N513AE,LEX,PHL,16:04,15:56,105.0,107.0,-8.0,16:10,14.0,0.0,0.0,0.0,0.0,0.0,0
OH,2026-01-31,5172.0,N553NN,LEX,PHL,18:17,19:26,112.0,130.0,69.0,20:12,46.0,0.0,0.0,18.0,0.0,69.0,0
OH,2023-07-28,5034.0,N581NN,LEX,CLT,06:37,06:35,98.0,108.0,-2.0,07:15,40.0,0.0,0.0,0.0,0.0,0.0,0
OH,2023-09-04,5461.0,N560NN,LEX,CLT,15:54,15:49,90.0,99.0,-5.0,16:22,33.0,0.0,0.0,0.0,0.0,0.0,0
OH,2024-11-15,5566.0,N563NN,LEX,CLT,11:16,11:27,91.0,78.0,11.0,11:43,16.0,0.0,0.0,0.0,0.0,0.0,0
OH,2023-01-26,5103.0,N604NN,LEX,CLT,10:57,11:03,89.0,76.0,6.0,11:13,10.0,0.0,0.0,0.0,0.0,0.0,0
OH,2025-06-21,5220.0,N634NN,LEX,PHL,17:59,18:00,115.0,104.0,1.0,18:15,15.0,0.0,0.0,0.0,0.0,0.0,0
OH,2023-05-10,5182.0,N553NN,LEX,CLT,18:04,17:55,88.0,99.0,-9.0,18:27,32.0,0.0,0.0,0.0,0.0,0.0,0
OH,2022-12-17,5327.0,N607NN,LEX,CLT,07:17,07:16,103.0,91.0,-1.0,07:53,37.0,0.0,0.0,0.0,0.0,0.0,0
OH,2024-02-11,5566.0,N633NN,LEX,CLT,11:08,10:55,91.0,86.0,-13.0,11:15,20.0,0.0,0.0,0.0,0.0,0.0,0
OH,2025-10-04,5574.0,N609NN,LEX,CLT,19:15,19:15,100.0,106.0,0.0,19:41,26.0,0.0,0.0,0.0,0.0,0.0,0
OH,2023-10-30,5130.0,N577NN,LEX,CLT,05:08,10:13,87.0,77.0,305.0,10:30,17.0,0.0,0.0,0.0,0.0,295.0,0
OH,2026-01-29,5311.0,N534AE,LEX,CLT,06:00,05:51,95.0,99.0,-9.0,06:37,46.0,0.0,0.0,0.0,0.0,0.0,0
OH,2025-01-23,5298.0,N533AE,LEX,CLT,15:37,15:25,95.0,86.0,-12.0,15:42,17.0,0.0,0.0,0.0,0.0,0.0,0
OH,2026-01-25,5172.0,,LEX,PHL,18:39,00:00,112.0,0.0,0.0,00:00,0.0,0.0,0.0,0.0,0.0,0.0,1
OH,2025-08-21,5572.0,N555NN,LEX,CLT,10:56,10:49,90.0,87.0,-7.0,11:02,13.0,0.0,0.0,0.0,0.0,0.0,0
OH,2025-06-22,5220.0,N551NN,LEX,PHL,17:59,18:11,115.0,105.0,12.0,18:24,13.0,0.0,0.0,0.0,0.0,0.0,0
OH,2023-08-18,5461.0,N540EG,LEX,CLT,15:54,15:46,90.0,96.0,-8.0,16:04,18.0,0.0,0.0,0.0,0.0,0.0,0
OH,2025-08-15,5278.0,N554NN,LEX,CLT,06:00,05:53,89.0,89.0,-7.0,06:09,16.0,0.0,0.0,0.0,0.0,0.0,0
OH,2024-12-02,5298.0,N520DC,LEX,CLT,15:40,15:30,93.0,78.0,-10.0,15:46,16.0,0.0,0.0,0.0,0.0,0.0,0
OH,2025-09-05,5574.0,N606NN,LEX,CLT,19:15,19:10,100.0,109.0,-5.0,19:44,34.0,0.0,0.0,0.0,0.0,0.0,0
OH,2025-02-28,5315.0,N630NN,LEX,CLT,20:15,20:03,95.0,100.0,-12.0,20:31,28.0,0.0,0.0,0.0,0.0,0.0,0
OH,2024-11-25,5211.0,N511AE,LEX,CLT,20:12,20:01,93.0,83.0,-11.0,20:15,14.0,0.0,0.0,0.0,0.0,0.0,0
OH,2024-11-17,5298.0,N514AE,LEX,CLT,15:40,15:30,93.0,80.0,-10.0,15:42,12.0,0.0,0.0,0.0,0.0,0.0,0
OH,2024-06-09,5220.0,N569NN,LEX,PHL,11:01,10:48,109.0,96.0,-13.0,11:08,20.0,0.0,0.0,0.0,0.0,0.0,0
OH,2024-11-23,5211.0,N534AE,LEX,CLT,20:12,19:57,93.0,90.0,-15.0,20:12,15.0,0.0,0.0,0.0,0.0,0.0,0
OH,2024-12-06,5085.0,N631NN,LEX,CLT,13:21,13:12,101.0,76.0,-9.0,13:26,14.0,0.0,0.0,0.0,0.0,0.0,0
OH,2023-04-07,5371.0,N559NN,LEX,CLT,18:08,18:11,92.0,108.0,3.0,18:50,39.0,0.0,0.0,16.0,0.0,3.0,0
OH,2023-12-30,5150.0,N607NN,LEX,CLT,06:30,06:18,103.0,76.0,-12.0,06:30,12.0,0.0,0.0,0.0,0.0,0.0,0
OH,2023-07-04,5617.0,N523AE,LEX,CLT,18:09,18:53,96.0,82.0,44.0,19:08,15.0,0.0,0.0,0.0,0.0,30.0,0
OH,2024-02-03,5566.0,N579NN,LEX,CLT,11:08,10:58,91.0,87.0,-10.0,11:13,15.0,0.0,0.0,0.0,0.0,0.0,0
OH,2026-01-29,5572.0,N599NN,LEX,CLT,11:39,11:29,91.0,80.0,-10.0,11:44,15.0,0.0,0.0,0.0,0.0,0.0,0
OH,2023-09-09,5483.0,N526EA,LEX,CLT,15:56,16:21,90.0,82.0,25.0,16:38,17.0,3.0,0.0,0.0,0.0,14.0,0
OH,2023-11-26,5566.0,N603NN,LEX,CLT,11:17,11:07,92.0,90.0,-10.0,11:26,19.0,0.0,0.0,0.0,0.0,0.0,0
OH,2025-10-28,5278.0,N618NN,LEX,CLT,06:00,05:47,100.0,87.0,-13.0,06:04,17.0,0.0,0.0,0.0,0.0,0.0,0
OH,2023-05-04,5130.0,N578NN,LEX,CLT,06:10,06:01,98.0,67.0,-9.0,06:14,13.0,0.0,0.0,0.0,0.0,0.0,0
OH,2023-07-27,5663.0,N563NN,LEX,CLT,12:25,12:36,86.0,79.0,11.0,12:49,13.0,0.0,0.0,0.0,0.0,0.0,0
OH,2024-04-17,5461.0,N612NN,LEX,CLT,15:42,15:46,89.0,93.0,4.0,16:05,19.0,0.0,0.0,0.0,0.0,0.0,0
OH,2023-01-02,5182.0,N570NN,LEX,CLT,18:08,18:27,87.0,80.0,19.0,18:44,17.0,0.0,0.0,0.0,0.0,0.0,0
OH,2025-10-31,5572.0,N619NN,LEX,CLT,10:49,10:43,92.0,78.0,-6.0,11:01,18.0,0.0,0.0,0.0,0.0,0.0,0
OH,2023-08-02,5663.0,N565NN,LEX,CLT,12:25,12:20,86.0,83.0,-5.0,12:34,14.0,0.0,0.0,0.0,0.0,0.0,0
OH,2025-03-14,5415.0,N526EA,LEX,PHL,13:15,13:04,98.0,99.0,-11.0,13:16,12.0,0.0,0.0,0.0,0.0,0.0,0
OH,2025-02-25,5298.0,N631NN,LEX,CLT,17:59,17:52,87.0,93.0,-7.0,18:03,11.0,0.0,0.0,0.0,0.0,0.0,0
OH,2024-01-18,5297.0,N561NN,LEX,CLT,06:35,10:07,105.0,79.0,212.0,10:22,15.0,186.0,0.0,0.0,0.0,0.0,0
OH,2025-12-09,5572.0,N607NN,LEX,CLT,11:23,11:56,94.0,80.0,33.0,12:07,11.0,0.0,0.0,0.0,0.0,19.0,0
OH,2024-09-03,5303.0,N566NN,LEX,CLT,05:00,04:49,91.0,74.0,-11.0,05:02,13.0,0.0,0.0,0.0,0.0,0.0,0
OH,2023-06-02,5287.0,N545PB,LEX,CLT,09:04,08:54,86.0,106.0,-10.0,09:18,24.0,0.0,0.0,0.0,0.0,0.0,0
OH,2024-07-10,5303.0,N609NN,LEX,CLT,05:00,04:50,92.0,78.0,-10.0,05:06,16.0,0.0,0.0,0.0,0.0,0.0,0
OH,2025-02-10,5566.0,N588NN,LEX,CLT,11:26,11:12,82.0,88.0,-14.0,11:33,21.0,0.0,0.0,0.0,0.0,0.0,0
OH,2024-01-26,5298.0,N560NN,LEX,CLT,17:53,18:34,91.0,100.0,41.0,19:10,36.0,0.0,0.0,9.0,0.0,41.0,0
OH,2025-05-19,5026.0,N608NN,LEX,CLT,07:51,07:43,89.0,94.0,-8.0,07:56,13.0,0.0,0.0,0.0,0.0,0.0,0
OH,2024-06-01,5301.0,N551NN,LEX,CLT,20:09,20:10,93.0,94.0,1.0,20:25,15.0,0.0,0.0,0.0,0.0,0.0,0
OH,2025-08-05,5392.0,N577NN,LEX,DFW,07:06,06:59,144.0,140.0,-7.0,07:13,14.0,0.0,0.0,0.0,0.0,0.0,0
OH,2023-05-24,5130.0,N552NN,LEX,CLT,06:25,06:18,95.0,86.0,-7.0,06:35,17.0,0.0,0.0,0.0,0.0,0.0,0
OH,2026-02-14,5670.0,N607NN,LEX,CLT,17:50,17:46,99.0,90.0,-4.0,18:10,24.0,0.0,0.0,0.0,0.0,0.0,0
OH,2026-01-14,5572.0,N587NN,LEX,CLT,11:39,11:27,91.0,79.0,-12.0,11:40,13.0,0.0,0.0,0.0,0.0,0.0,0
OH,2024-12-31,5298.0,N506AE,LEX,CLT,15:40,15:42,94.0,82.0,2.0,16:01,19.0,0.0,0.0,0.0,0.0,0.0,0
OH,2025-09-20,5194.0,N513AE,LEX,PHL,16:00,15:51,115.0,108.0,-9.0,16:02,11.0,0.0,0.0,0.0,0.0,0.0,0
OH,2024-01-29,5566.0,N600NN,LEX,CLT,11:08,10:57,91.0,86.0,-11.0,11:19,22.0,0.0,0.0,0.0,0.0,0.0,0
OH,2023-10-14,5490.0,N587NN,LEX,CLT,18:08,17:56,89.0,101.0,-12.0,18:29,33.0,0.0,0.0,0.0,0.0,0.0,0
OH,2025-11-02,5257.0,N565NN,LEX,CLT,08:11,08:02,102.0,87.0,-9.0,08:18,16.0,0.0,0.0,0.0,0.0,0.0,0
OH,2024-01-11,5301.0,N605NN,LEX,CLT,20:11,19:59,91.0,102.0,-12.0,20:29,30.0,0.0,0.0,0.0,0.0,0.0,0
OH,2023-01-13,5243.0,N603NN,LEX,CLT,08:35,08:28,109.0,93.0,-7.0,08:48,20.0,0.0,0.0,0.0,0.0,0.0,0
OH,2023-11-19,5566.0,N594NN,LEX,CLT,11:17,11:08,92.0,81.0,-9.0,11:23,15.0,0.0,0.0,0.0,0.0,0.0,0
OH,2025-07-05,5220.0,N509AE,LEX,PHL,17:59,17:53,106.0,108.0,-6.0,18:08,15.0,0.0,0.0,0.0,0.0,0.0,0
OH,2023-08-08,5130.0,N556NN,LEX,CLT,05:00,04:59,96.0,66.0,-1.0,05:12,13.0,0.0,0.0,0.0,0.0,0.0,0
OH,2022-10-23,5572.0,N555NN,LEX,CLT,15:32,15:33,89.0,83.0,1.0,15:44,11.0,0.0,0.0,0.0,0.0,0.0,0
OH,2023-05-29,5103.0,N554NN,LEX,CLT,12:15,12:32,88.0,101.0,17.0,12:59,27.0,0.0,0.0,13.0,0.0,17.0,0
OH,2025-10-08,5572.0,N638NN,LEX,CLT,10:49,10:40,92.0,82.0,-9.0,10:58,18.0,0.0,0.0,0.0,0.0,0.0,0
OH,2024-12-22,5078.0,N575NN,LEX,CLT,08:18,08:07,107.0,108.0,-11.0,08:37,30.0,0.0,0.0,0.0,0.0,0.0,0
OH,2024-08-06,5572.0,N602NN,LEX,CLT,10:51,10:43,91.0,87.0,-8.0,10:57,14.0,0.0,0.0,0.0,0.0,0.0,0
OH,2023-04-17,5371.0,N603NN,LEX,CLT,18:08,18:06,92.0,85.0,-2.0,18:26,20.0,0.0,0.0,0.0,0.0,0.0,0
OH,2025-06-26,5140.0,N559NN,LEX,CLT,06:37,06:34,84.0,88.0,-3.0,06:50,16.0,0.0,0.0,0.0,0.0,0.0,0
OH,2024-03-23,5103.0,N594NN,LEX,CLT,08:45,08:35,88.0,102.0,-10.0,08:45,10.0,0.0,0.0,0.0,0.0,0.0,0
OH,2023-10-10,5164.0,N607NN,LEX,CLT,08:55,08:47,87.0,99.0,-8.0,09:11,24.0,0.0,0.0,0.0,0.0,0.0,0
OH,2026-01-05,5297.0,N583NN,LEX,CLT,08:05,07:53,109.0,85.0,-12.0,08:06,13.0,0.0,0.0,0.0,0.0,0.0,0
OH,2025-09-07,5572.0,N605NN,LEX,CLT,11:02,11:02,94.0,101.0,0.0,11:32,30.0,0.0,0.0,0.0,0.0,0.0,0
OH,2025-03-14,5035.0,N538EG,LEX,CLT,15:37,15:38,89.0,91.0,1.0,15:52,14.0,0.0,0.0,0.0,0.0,0.0,0
OH,2025-01-29,5204.0,N590NN,LEX,CLT,06:29,06:17,99.0,76.0,-12.0,06:33,16.0,0.0,0.0,0.0,0.0,0.0,0
OH,2023-03-24,5103.0,N573NN,LEX,CLT,12:13,12:01,88.0,77.0,-12.0,12:19,18.0,0.0,0.0,0.0,0.0,0.0,0
OH,2025-01-07,5566.0,N618NN,LEX,CLT,11:26,11:56,82.0,121.0,30.0,12:44,48.0,0.0,19.0,39.0,0.0,11.0,0
OH,2025-10-06,5548.0,N581NN,LEX,CLT,20:02,19:48,107.0,83.0,-14.0,20:01,13.0,0.0,0.0,0.0,0.0,0.0,0
OH,2023-02-28,5182.0,N552NN,LEX,CLT,18:07,18:11,88.0,94.0,4.0,18:26,15.0,0.0,0.0,0.0,0.0,0.0,0
OH,2024-11-11,5297.0,N612NN,LEX,CLT,08:11,07:59,108.0,98.0,-12.0,08:12,13.0,0.0,0.0,0.0,0.0,0.0,0
OH,2025-05-08,5278.0,N532EA,LEX,CLT,06:20,06:07,89.0,79.0,-13.0,06:21,14.0,0.0,0.0,0.0,0.0,0.0,0
OH,2023-11-28,5566.0,N610NN,LEX,CLT,11:17,11:08,92.0,73.0,-9.0,11:25,17.0,0.0,0.0,0.0,0.0,0.0,0
OH,2023-05-12,5182.0,N581NN,LEX,CLT,18:04,18:14,88.0,88.0,10.0,18:43,29.0,0.0,0.0,0.0,0.0,0.0,0
OH,2023-08-22,5490.0,N606NN,LEX,CLT,18:09,18:01,90.0,87.0,-8.0,18:14,13.0,0.0,0.0,0.0,0.0,0.0,0
OH,2024-05-19,5301.0,N601EN,LEX,CLT,20:09,20:16,93.0,100.0,7.0,20:35,19.0,0.0,0.0,0.0,0.0,0.0,0
OH,2023-06-20,5130.0,N574NN,LEX,CLT,05:00,04:55,93.0,83.0,-5.0,05:07,12.0,0.0,0.0,0.0,0.0,0.0,0
OH,2023-03-02,5130.0,N595NN,LEX,CLT,06:10,06:07,97.0,87.0,-3.0,06:32,25.0,0.0,0.0,0.0,0.0,0.0,0
OH,2024-07-26,5392.0,N569NN,LEX,DFW,20:26,21:06,142.0,139.0,40.0,21:20,14.0,13.0,0.0,0.0,0.0,24.0,0
OH,2025-02-09,5204.0,N607NN,LEX,CLT,06:29,06:28,99.0,83.0,-1.0,06:44,16.0,0.0,0.0,0.0,0.0,0.0,0
OH,2024-09-06,5303.0,N566NN,LEX,CLT,05:00,04:49,100.0,78.0,-11.0,05:02,13.0,0.0,0.0,0.0,0.0,0.0,0
OH,2024-06-24,5572.0,N597NN,LEX,CLT,11:02,10:51,92.0,85.0,-11.0,11:04,13.0,0.0,0.0,0.0,0.0,0.0,0
OH,2025-10-18,5278.0,N585NN,LEX,CLT,06:40,06:35,100.0,105.0,-5.0,07:13,38.0,0.0,0.0,0.0,0.0,0.0,0
OH,2024-05-12,5572.0,N553NN,LEX,CLT,10:56,10:49,93.0,82.0,-7.0,11:04,15.0,0.0,0.0,0.0,0.0,0.0,0
OH,2024-07-29,5572.0,N586NN,LEX,CLT,10:55,11:41,88.0,70.0,46.0,11:52,11.0,5.0,0.0,0.0,0.0,23.0,0
OH,2025-06-30,5220.0,N522AE,LEX,PHL,17:59,18:25,116.0,133.0,26.0,19:06,41.0,0.0,0.0,17.0,0.0,26.0,0
OH,2024-11-24,5203.0,N573NN,LEX,CLT,06:32,06:27,108.0,113.0,-5.0,06:59,32.0,0.0,0.0,0.0,0.0,0.0,0
OH,2023-11-02,5461.0,N616NN,LEX,CLT,15:50,16:12,89.0,85.0,22.0,16:35,23.0,10.0,0.0,0.0,0.0,8.0,0
OH,2025-03-15,5566.0,N573NN,LEX,CLT,11:02,11:08,89.0,108.0,6.0,11:42,34.0,0.0,0.0,25.0,0.0,0.0,0
OH,2025-05-13,5026.0,N619NN,LEX,CLT,07:51,07:42,89.0,107.0,-9.0,07:56,14.0,0.0,0.0,0.0,0.0,0.0,0
OH,2026-01-04,5548.0,N527EA,LEX,CLT,18:03,17:57,97.0,102.0,-6.0,18:25,28.0,0.0,0.0,0.0,0.0,0.0,0
OH,2024-03-22,5298.0,N589NN,LEX,CLT,18:10,17:59,88.0,96.0,-11.0,18:18,19.0,0.0,0.0,0.0,0.0,0.0,0
OH,2023-01-13,5103.0,N568NN,LEX,CLT,10:57,10:48,89.0,99.0,-9.0,11:17,29.0,0.0,0.0,0.0,0.0,0.0,0
OH,2024-02-08,5566.0,N546FF,LEX,CLT,11:08,11:05,91.0,80.0,-3.0,11:14,9.0,0.0,0.0,0.0,0.0,0.0,0
OH,2025-03-03,5416.0,N516AE,LEX,PHL,12:59,12:46,102.0,101.0,-13.0,12:59,13.0,0.0,0.0,0.0,0.0,0.0,0
OH,2026-01-30,5311.0,N572NN,LEX,CLT,06:00,05:57,95.0,79.0,-3.0,06:13,16.0,0.0,0.0,0.0,0.0,0.0,0
OH,2023-03-08,5130.0,N556NN,LEX,CLT,06:10,06:08,97.0,90.0,-2.0,06:29,21.0,0.0,0.0,0.0,0.0,0.0,0
OH,2023-04-07,5617.0,N561NN,LEX,CLT,16:28,16:30,92.0,91.0,2.0,16:52,22.0,0.0,0.0,0.0,0.0,0.0,0
OH,2024-12-07,5204.0,N632NN,LEX,CLT,06:27,06:18,107.0,83.0,-9.0,06:34,16.0,0.0,0.0,0.0,0.0,0.0,0
OH,2025-11-23,5077.0,N718PS,LEX,DFW,19:03,18:57,167.0,172.0,-6.0,19:17,20.0,0.0,0.0,0.0,0.0,0.0,0
OH,2023-07-03,5461.0,N560NN,LEX,CLT,15:45,15:36,86.0,99.0,-9.0,15:51,15.0,0.0,0.0,0.0,0.0,0.0,0
OH,2025-08-12,5278.0,N629NN,LEX,CLT,06:00,05:48,89.0,80.0,-12.0,05:59,11.0,0.0,0.0,0.0,0.0,0.0,0
OH,2024-05-30,5301.0,N604NN,LEX,CLT,20:09,19:57,93.0,94.0,-12.0,20:16,19.0,0.0,0.0,0.0,0.0,0.0,0
OH,2024-03-01,5298.0,N578NN,LEX,CLT,18:09,18:08,90.0,108.0,-1.0,18:39,31.0,0.0,0.0,17.0,0.0,0.0,0
OH,2025-03-24,5298.0,N558NN,LEX,CLT,18:08,18:47,92.0,76.0,39.0,19:00,13.0,0.0,0.0,0.0,0.0,23.0,0
OH,2025-11-20,5077.0,N520DC,LEX,DFW,19:03,00:00,167.0,0.0,0.0,00:00,0.0,0.0,0.0,0.0,0.0,0.0,1
OH,2023-12-23,5490.0,N587NN,LEX,CLT,19:38,20:26,91.0,83.0,48.0,20:50,24.0,0.0,0.0,0.0,0.0,40.0,0
OH,2025-10-13,5587.0,N593NN,LEX,CLT,17:59,17:50,98.0,82.0,-9.0,18:04,14.0,0.0,0.0,0.0,0.0,0.0,0
OH,2025-11-02,5304.0,N521AE,LEX,DFW,07:00,06:54,167.0,142.0,-6.0,07:08,14.0,0.0,0.0,0.0,0.0,0.0,0
OH,2023-12-07,5301.0,N618NN,LEX,CLT,18:08,18:06,91.0,92.0,-2.0,18:35,29.0,0.0,0.0,0.0,0.0,0.0,0
OH,2024-03-30,5035.0,N613NN,LEX,CLT,13:31,13:30,88.0,61.0,-1.0,13:38,8.0,0.0,0.0,0.0,0.0,0.0,0
OH,2023-05-26,5461.0,N569NN,LEX,CLT,15:40,15:29,88.0,90.0,-11.0,15:45,16.0,0.0,0.0,0.0,0.0,0.0,0
OH,2024-08-26,5572.0,N574NN,LEX,CLT,10:51,10:38,91.0,82.0,-13.0,10:51,13.0,0.0,0.0,0.0,0.0,0.0,0
OH,2025-02-20,5035.0,N544EA,LEX,CLT,15:37,16:16,95.0,75.0,39.0,16:26,10.0,3.0,0.0,0.0,0.0,16.0,0
OH,2025-10-23,5208.0,N565NN,LEX,DFW,06:30,06:21,157.0,142.0,-9.0,06:33,12.0,0.0,0.0,0.0,0.0,0.0,0
OH,2024-05-06,5461.0,N607NN,LEX,CLT,15:03,15:50,93.0,87.0,47.0,16:07,17.0,1.0,0.0,0.0,0.0,40.0,0
OH,2022-02-11,5566.0,N600NN,LEX,CLT,10:54,10:48,92.0,83.0,-6.0,11:03,15.0,0.0,0.0,0.0,0.0,0.0,0
OH,2023-07-18,5663.0,N593NN,LEX,CLT,12:25,12:21,86.0,98.0,-4.0,12:46,25.0,0.0,0.0,0.0,0.0,0.0,0
OH,2024-04-11,5446.0,N518AE,LEX,CLT,13:33,13:24,90.0,85.0,-9.0,13:45,21.0,0.0,0.0,0.0,0.0,0.0,0
OH,2025-03-31,5301.0,N587NN,LEX,CLT,20:11,21:53,93.0,70.0,102.0,22:05,12.0,0.0,0.0,0.0,0.0,79.0,0
OH,2022-11-08,5130.0,N586NN,LEX,CLT,07:00,06:47,86.0,108.0,-13.0,07:27,40.0,0.0,0.0,0.0,0.0,0.0,0
OH,2022-01-09,5566.0,N592NN,LEX,CLT,10:56,10:57,95.0,85.0,1.0,11:17,20.0,0.0,0.0,0.0,0.0,0.0,0
OH,2024-01-21,5298.0,N575NN,LEX,CLT,17:53,17:59,91.0,98.0,6.0,18:15,16.0,0.0,0.0,0.0,0.0,0.0,0
OH,2024-04-04,5572.0,N601EN,LEX,CLT,10:59,11:05,89.0,73.0,6.0,11:19,14.0,0.0,0.0,0.0,0.0,0.0,0
OH,2025-02-06,5298.0,N532EA,LEX,CLT,15:37,15:36,95.0,92.0,-1.0,16:05,29.0,0.0,0.0,0.0,0.0,0.0,0
OH,2024-11-08,5085.0,N615NN,LEX,CLT,13:25,13:15,93.0,79.0,-10.0,13:29,14.0,0.0,0.0,0.0,0.0,0.0,0
OH,2024-12-18,5085.0,N572NN,LEX,CLT,13:21,13:40,101.0,83.0,19.0,13:53,13.0,0.0,0.0,0.0,0.0,0.0,0
OH,2023-05-05,5461.0,N584NN,LEX,CLT,15:40,15:31,88.0,96.0,-9.0,15:47,16.0,0.0,0.0,0.0,0.0,0.0,0
OH,2025-09-16,5208.0,N570NN,LEX,CLT,12:39,12:33,100.0,76.0,-6.0,12:48,15.0,0.0,0.0,0.0,0.0,0.0,0
OH,2023-09-08,5175.0,N593NN,LEX,CLT,12:00,11:57,90.0,69.0,-3.0,12:09,12.0,0.0,0.0,0.0,0.0,0.0,0
OH,2025-06-20,5456.0,N592NN,LEX,CLT,20:18,22:30,88.0,74.0,132.0,22:45,15.0,0.0,0.0,0.0,0.0,118.0,0
OH,2025-06-18,5456.0,N583NN,LEX,CLT,20:18,20:22,88.0,76.0,4.0,20:32,10.0,0.0,0.0,0.0,0.0,0.0,0
OH,2025-04-02,5574.0,N548NN,LEX,CLT,18:08,18:41,92.0,82.0,33.0,18:54,13.0,3.0,0.0,0.0,0.0,20.0,0
OH,2024-01-05,5164.0,N511AE,LEX,CLT,05:00,04:47,96.0,75.0,-13.0,05:10,23.0,0.0,0.0,0.0,0.0,0.0,0
OH,2022-11-06,5123.0,N575NN,LEX,CLT,13:10,14:01,86.0,102.0,51.0,14:43,42.0,0.0,0.0,16.0,0.0,51.0,0
OH,2025-09-03,5572.0,N607NN,LEX,CLT,09:44,09:38,99.0,87.0,-6.0,09:52,14.0,0.0,0.0,0.0,0.0,0.0,0
OH,2023-07-30,5130.0,N586NN,LEX,CLT,05:00,04:59,98.0,77.0,-1.0,05:18,19.0,0.0,0.0,0.0,0.0,0.0,0
OH,2023-10-01,5164.0,N602NN,LEX,CLT,06:33,06:26,86.0,95.0,-7.0,06:50,24.0,0.0,0.0,0.0,0.0,0.0,0
OH,2022-11-13,5130.0,N587NN,LEX,CLT,07:00,06:58,86.0,94.0,-2.0,07:39,41.0,0.0,0.0,0.0,0.0,0.0,0
OH,2025-06-17,5456.0,N619NN,LEX,CLT,20:18,21:26,88.0,68.0,68.0,21:34,8.0,0.0,48.0,0.0,0.0,0.0,0
OH,2023-11-11,5298.0,N572NN,LEX,CLT,15:17,15:06,92.0,73.0,-11.0,15:19,13.0,0.0,0.0,0.0,0.0,0.0,0
OH,2025-08-22,5168.0,N533AE,LEX,PHL,16:04,15:55,105.0,124.0,-9.0,16:19,24.0,0.0,0.0,0.0,0.0,0.0,0
OH,2025-06-29,5220.0,N558NN,LEX,PHL,17:59,17:54,115.0,119.0,-5.0,18:06,12.0,0.0,0.0,0.0,0.0,0.0,0
OH,2023-12-04,5298.0,N537EA,LEX,CLT,15:17,15:04,92.0,83.0,-13.0,15:20,16.0,0.0,0.0,0.0,0.0,0.0,0
OH,2025-02-12,5399.0,N606NN,LEX,DFW,15:30,00:00,145.0,0.0,0.0,00:00,0.0,0.0,0.0,0.0,0.0,0.0,1
OH,2025-07-20,5555.0,N580NN,LEX,CLT,15:07,14:57,95.0,92.0,-10.0,15:24,27.0,0.0,0.0,0.0,0.0,0.0,0
OH,2024-07-14,5303.0,N592NN,LEX,CLT,05:00,04:56,92.0,76.0,-4.0,05:07,11.0,0.0,0.0,0.0,0.0,0.0,0
OH,2023-01-26,5243.0,N566NN,LEX,CLT,08:35,08:29,109.0,125.0,-6.0,09:24,55.0,0.0,0.0,0.0,0.0,0.0,0
OH,2022-07-28,5074.0,N593NN,LEX,CLT,15:17,15:06,87.0,86.0,-11.0,15:17,11.0,0.0,0.0,0.0,0.0,0.0,0
OH,2023-10-16,5164.0,N561NN,LEX,CLT,08:55,10:03,87.0,86.0,68.0,10:19,16.0,67.0,0.0,0.0,0.0,0.0,0
OH,2025-01-29,5315.0,N597NN,LEX,CLT,20:09,20:03,92.0,75.0,-6.0,20:16,13.0,0.0,0.0,0.0,0.0,0.0,0
OH,2025-05-12,5302.0,N568NN,LEX,CLT,20:06,20:19,92.0,103.0,13.0,20:40,21.0,0.0,0.0,11.0,0.0,13.0,0
OH,2025-08-13,5168.0,N543EA,LEX,PHL,16:04,00:00,105.0,0.0,0.0,00:00,0.0,0.0,0.0,0.0,0.0,0.0,1
OH,2025-10-03,5572.0,N639NN,LEX,CLT,09:50,09:37,99.0,81.0,-13.0,09:50,13.0,0.0,0.0,0.0,0.0,0.0,0
OH,2022-11-26,5045.0,N587NN,LEX,CLT,08:50,08:36,86.0,97.0,-14.0,09:04,28.0,0.0,0.0,0.0,0.0,0.0,0
OH,2024-04-13,5446.0,N544EA,LEX,CLT,13:33,13:42,90.0,83.0,9.0,13:59,17.0,0.0,0.0,0.0,0.0,0.0,0
OH,2022-06-29,5074.0,N531EG,LEX,CLT,15:17,15:05,87.0,82.0,-12.0,15:20,15.0,0.0,0.0,0.0,0.0,0.0,0
OH,2024-06-24,5220.0,N609NN,LEX,PHL,11:01,11:05,109.0,115.0,4.0,11:22,17.0,0.0,0.0,0.0,0.0,0.0,0
OH,2024-11-22,5301.0,N597NN,LEX,CLT,18:01,17:54,99.0,91.0,-7.0,18:16,22.0,0.0,0.0,0.0,0.0,0.0,0
OH,2023-08-20,5130.0,N612NN,LEX,CLT,05:09,05:03,91.0,92.0,-6.0,05:17,14.0,0.0,0.0,0.0,0.0,0.0,0
OH,2023-05-29,5598.0,N586NN,LEX,CLT,20:09,19:57,88.0,100.0,-12.0,20:29,32.0,0.0,0.0,0.0,0.0,0.0,0
OH,2022-05-30,5572.0,N591NN,LEX,CLT,15:17,17:16,88.0,68.0,119.0,17:28,12.0,99.0,0.0,0.0,0.0,0.0,0
OH,2024-01-28,5297.0,N578NN,LEX,CLT,06:35,09:04,105.0,78.0,149.0,09:22,18.0,122.0,0.0,0.0,0.0,0.0,0
OH,2022-09-29,5165.0,N602NN,LEX,CLT,15:31,15:28,92.0,100.0,-3.0,15:51,23.0,0.0,0.0,0.0,0.0,0.0,0
OH,2022-12-31,5103.0,N547NN,LEX,CLT,10:59,10:48,87.0,79.0,-11.0,11:04,16.0,0.0,0.0,0.0,0.0,0.0,0
OH,2025-08-18,5518.0,N594NN,LEX,DFW,06:41,10:14,143.0,133.0,213.0,10:29,15.0,203.0,0.0,0.0,0.0,0.0,0
OH,2025-11-29,5670.0,N574NN,LEX,CLT,19:12,19:42,97.0,84.0,30.0,19:55,13.0,1.0,0.0,0.0,0.0,16.0,0
OH,2022-01-18,5566.0,N582NN,LEX,CLT,10:56,10:48,95.0,89.0,-8.0,11:04,16.0,0.0,0.0,0.0,0.0,0.0,0
OH,2025-04-30,5278.0,N632NN,LEX,CLT,06:15,06:05,88.0,82.0,-10.0,06:19,14.0,0.0,0.0,0.0,0.0,0.0,0
OH,2024-10-04,5572.0,N600NN,LEX,CLT,10:57,13:17,91.0,85.0,140.0,13:34,17.0,0.0,0.0,0.0,0.0,134.0,0
OH,2025-12-28,5615.0,N533AE,LEX,DFW,19:20,19:10,164.0,161.0,-10.0,19:22,12.0,0.0,0.0,0.0,0.0,0.0,0
OH,2025-09-17,5194.0,N528EG,LEX,PHL,16:13,17:39,117.0,100.0,86.0,17:53,14.0,0.0,0.0,69.0,0.0,0.0,0
OH,2024-07-30,5392.0,N630NN,LEX,DFW,20:26,20:18,142.0,126.0,-8.0,20:29,11.0,0.0,0.0,0.0,0.0,0.0,0
OH,2023-02-20,5327.0,N571NN,LEX,CLT,15:00,14:55,88.0,75.0,-5.0,15:12,17.0,0.0,0.0,0.0,0.0,0.0,0
OH,2025-03-27,5177.0,N578NN,LEX,CLT,07:35,07:23,100.0,67.0,-12.0,07:37,14.0,0.0,0.0,0.0,0.0,0.0,0
OH,2023-04-25,5461.0,N604NN,LEX,CLT,15:22,15:12,92.0,70.0,-10.0,15:24,12.0,0.0,0.0,0.0,0.0,0.0,0
OH,2024-07-27,5435.0,N520DC,LEX,PHL,10:48,10:39,109.0,105.0,-9.0,10:51,12.0,0.0,0.0,0.0,0.0,0.0,0
OH,2024-02-26,5566.0,N552NN,LEX,CLT,11:00,11:01,90.0,85.0,1.0,11:20,19.0,0.0,0.0,0.0,0.0,0.0,0
OH,2026-01-11,5311.0,N558NN,LEX,CLT,06:00,05:50,95.0,103.0,-10.0,06:16,26.0,0.0,0.0,0.0,0.0,0.0,0
OH,2025-06-12,5502.0,N562NN,LEX,DFW,14:16,14:27,152.0,139.0,11.0,14:40,13.0,0.0,0.0,0.0,0.0,0.0,0
OH,2025-09-30,5015.0,N562NN,LEX,CLT,15:36,15:26,100.0,81.0,-10.0,15:40,14.0,0.0,0.0,0.0,0.0,0.0,0
OH,2024-05-23,5574.0,N571NN,LEX,CLT,18:03,18:05,93.0,91.0,2.0,18:36,31.0,0.0,0.0,0.0,0.0,0.0,0
OH,2023-11-12,5085.0,N575NN,LEX,CLT,13:08,12:55,92.0,76.0,-13.0,13:09,14.0,0.0,0.0,0.0,0.0,0.0,0
OH,2024-03-30,5150.0,N581NN,LEX,CLT,06:40,06:32,88.0,93.0,-8.0,06:50,18.0,0.0,0.0,0.0,0.0,0.0,0
OH,2023-06-14,5034.0,N539EA,LEX,CLT,06:35,06:27,93.0,83.0,-8.0,06:44,17.0,0.0,0.0,0.0,0.0,0.0,0
OH,2025-03-05,5035.0,N525AE,LEX,CLT,15:37,15:52,95.0,120.0,15.0,16:48,56.0,0.0,0.0,25.0,0.0,15.0,0
OH,2022-09-02,5130.0,N568NN,LEX,CLT,07:00,06:55,89.0,93.0,-5.0,07:21,26.0,0.0,0.0,0.0,0.0,0.0,0
OH,2025-10-28,5572.0,N611NN,LEX,CLT,10:49,10:57,92.0,91.0,8.0,11:15,18.0,0.0,0.0,0.0,0.0,0.0,0
OH,2024-08-24,5572.0,N608NN,LEX,CLT,10:51,10:42,91.0,83.0,-9.0,10:58,16.0,0.0,0.0,0.0,0.0,0.0,0
OH,2023-10-21,5130.0,N579NN,LEX,CLT,05:08,05:02,87.0,69.0,-6.0,05:14,12.0,0.0,0.0,0.0,0.0,0.0,0
OH,2023-06-08,5130.0,N599NN,LEX,CLT,05:00,04:49,93.0,72.0,-11.0,05:00,11.0,0.0,0.0,0.0,0.0,0.0,0
OH,2023-10-09,5164.0,N573NN,LEX,CLT,08:55,08:55,87.0,94.0,0.0,09:15,20.0,0.0,0.0,0.0,0.0,0.0,0
OH,2025-02-02,5297.0,N613NN,LEX,CLT,08:09,08:02,99.0,88.0,-7.0,08:14,12.0,0.0,0.0,0.0,0.0,0.0,0
OH,2023-02-26,5103.0,N611NN,LEX,CLT,12:13,12:03,88.0,77.0,-10.0,12:15,12.0,0.0,0.0,0.0,0.0,0.0,0
OH,2024-05-29,5574.0,N595NN,LEX,CLT,18:03,18:13,93.0,97.0,10.0,18:33,20.0,0.0,0.0,0.0,0.0,0.0,0
OH,2023-07-12,5663.0,N578NN,LEX,CLT,12:25,12:15,86.0,104.0,-10.0,12:44,29.0,0.0,0.0,0.0,0.0,0.0,0
OH,2025-03-15,5315.0,N565NN,LEX,CLT,20:11,23:22,93.0,67.0,191.0,23:35,13.0,0.0,0.0,0.0,0.0,165.0,0
OH,2025-12-18,5548.0,N535EA,LEX,CLT,18:03,18:22,97.0,96.0,19.0,18:37,15.0,0.0,0.0,0.0,0.0,18.0,0
OH,2023-09-14,5164.0,N592NN,LEX,CLT,06:33,06:20,86.0,84.0,-13.0,06:37,17.0,0.0,0.0,0.0,0.0,0.0,0
OH,2024-09-24,5572.0,N616NN,LEX,CLT,10:57,11:45,91.0,71.0,48.0,11:59,14.0,0.0,0.0,0.0,0.0,28.0,0
OH,2025-11-07,5164.0,N578NN,LEX,PHL,17:59,17:48,109.0,100.0,-11.0,18:08,20.0,0.0,0.0,0.0,0.0,0.0,0
OH,2022-11-17,5130.0,N570NN,LEX,CLT,07:00,06:54,86.0,104.0,-6.0,07:37,43.0,0.0,0.0,0.0,0.0,0.0,0
OH,2025-09-26,5015.0,N592NN,LEX,CLT,15:36,15:23,100.0,82.0,-13.0,15:41,18.0,0.0,0.0,0.0,0.0,0.0,0
OH,2025-10-14,5572.0,N619NN,LEX,CLT,10:49,10:35,92.0,73.0,-14.0,10:50,15.0,0.0,0.0,0.0,0.0,0.0,0
OH,2023-02-22,5130.0,N612NN,LEX,CLT,06:10,06:12,106.0,66.0,2.0,06:25,13.0,0.0,0.0,0.0,0.0,0.0,0
OH,2022-11-05,5103.0,N536EA,LEX,CLT,12:07,11:55,91.0,86.0,-12.0,12:13,18.0,0.0,0.0,0.0,0.0,0.0,0
OH,2024-06-04,5555.0,N577NN,LEX,CLT,13:08,13:20,93.0,81.0,12.0,13:36,16.0,0.0,0.0,0.0,0.0,0.0,0
OH,2023-10-03,5130.0,N583NN,LEX,CLT,09:00,08:52,86.0,98.0,-8.0,09:09,17.0,0.0,0.0,0.0,0.0,0.0,0
OH,2023-02-08,5130.0,N602NN,LEX,CLT,06:10,06:04,106.0,74.0,-6.0,06:22,18.0,0.0,0.0,0.0,0.0,0.0,0
OH,2024-09-08,5572.0,N562NN,LEX,CLT,10:57,10:55,91.0,97.0,-2.0,11:16,21.0,0.0,0.0,0.0,0.0,0.0,0
OH,2023-05-11,5182.0,N559NN,LEX,CLT,18:04,17:56,88.0,79.0,-8.0,18:09,13.0,0.0,0.0,0.0,0.0,0.0,0
OH,2023-05-23,5103.0,N555NN,LEX,CLT,12:15,12:09,88.0,84.0,-6.0,12:19,10.0,0.0,0.0,0.0,0.0,0.0,0
OH,2023-08-11,5461.0,N589NN,LEX,CLT,15:45,15:36,85.0,84.0,-9.0,15:48,12.0,0.0,0.0,0.0,0.0,0.0,0
OH,2025-01-27,5298.0,N712PS,LEX,CLT,15:37,15:32,95.0,116.0,-5.0,15:43,11.0,0.0,0.0,16.0,0.0,0.0,0
OH,2024-11-30,5211.0,N719PS,LEX,CLT,20:12,20:02,93.0,120.0,-10.0,20:59,57.0,0.0,0.0,17.0,0.0,0.0,0
OH,2025-06-05,5220.0,N532EA,LEX,PHL,17:59,17:50,116.0,105.0,-9.0,18:04,14.0,0.0,0.0,0.0,0.0,0.0,0
OH,2024-03-06,5125.0,N604NN,LEX,CLT,08:45,08:38,102.0,94.0,-7.0,08:59,21.0,0.0,0.0,0.0,0.0,0.0,0
OH,2024-06-28,5303.0,N567NN,LEX,CLT,05:00,04:59,93.0,80.0,-1.0,05:15,16.0,0.0,0.0,0.0,0.0,0.0,0
OH,2024-03-21,5035.0,N614NN,LEX,CLT,13:31,13:21,88.0,78.0,-10.0,13:36,15.0,0.0,0.0,0.0,0.0,0.0,0
OH,2025-05-20,5278.0,N605NN,LEX,CLT,06:20,06:08,89.0,86.0,-12.0,06:29,21.0,0.0,0.0,0.0,0.0,0.0,0
OH,2025-10-29,5015.0,N513AE,LEX,CLT,15:52,15:44,99.0,96.0,-8.0,16:04,20.0,0.0,0.0,0.0,0.0,0.0,0
OH,2023-04-28,5461.0,N568NN,LEX,CLT,15:22,15:21,92.0,73.0,-1.0,15:35,14.0,0.0,0.0,0.0,0.0,0.0,0
OH,2025-01-13,5204.0,N603NN,LEX,CLT,06:29,06:25,99.0,84.0,-4.0,06:38,13.0,0.0,0.0,0.0,0.0,0.0,0
OH,2024-08-10,5572.0,N570NN,LEX,CLT,10:51,11:00,91.0,78.0,9.0,11:12,12.0,0.0,0.0,0.0,0.0,0.0,0
OH,2025-01-19,5315.0,N608NN,LEX,CLT,20:09,20:17,92.0,75.0,8.0,20:30,13.0,0.0,0.0,0.0,0.0,0.0,0
OH,2023-11-29,5298.0,N600NN,LEX,CLT,15:17,15:12,92.0,69.0,-5.0,15:23,11.0,0.0,0.0,0.0,0.0,0.0,0
OH,2023-05-31,5182.0,N604NN,LEX,CLT,18:04,17:50,88.0,86.0,-14.0,18:08,18.0,0.0,0.0,0.0,0.0,0.0,0
OH,2025-06-01,5301.0,N529EA,LEX,PHL,08:00,07:52,109.0,107.0,-8.0,08:19,27.0,0.0,0.0,0.0,0.0,0.0,0
OH,2025-05-22,5278.0,N594NN,LEX,CLT,06:20,08:12,89.0,78.0,112.0,08:28,16.0,101.0,0.0,0.0,0.0,0.0,0
OH,2025-10-14,5278.0,N591NN,LEX,CLT,06:00,05:49,100.0,76.0,-11.0,06:06,17.0,0.0,0.0,0.0,0.0,0.0,0
OH,2026-01-02,5548.0,N708PS,LEX,CLT,18:03,18:14,97.0,95.0,11.0,18:39,25.0,0.0,0.0,0.0,0.0,0.0,0
OH,2026-01-04,5361.0,N541EA,LEX,ORD,22:13,22:18,103.0,94.0,5.0,22:33,15.0,0.0,0.0,0.0,0.0,0.0,0
OH,2025-01-09,5315.0,N603NN,LEX,CLT,20:09,20:05,92.0,102.0,-4.0,20:32,27.0,0.0,0.0,0.0,0.0,0.0,0
WN,2024-05-05,865.0,N8804L,ATL,BWI,09:40,09:51,110.0,107.0,11.0,10:04,13.0,0.0,0.0,0.0,0.0,0.0,0
WN,2024-05-26,724.0,N564WN,ATL,DAL,07:05,07:03,130.0,131.0,-2.0,07:16,13.0,0.0,0.0,0.0,0.0,0.0,0
WN,2025-09-08,1689.0,N426WN,ATL,MDW,19:25,19:19,115.0,102.0,-6.0,19:29,10.0,0.0,0.0,0.0,0.0,0.0,0
WN,2022-01-03,539.0,N570WN,ATL,SAN,14:10,15:15,300.0,277.0,65.0,15:31,16.0,23.0,0.0,0.0,0.0,19.0,0
WN,2023-08-16,5172.0,N8755L,ATL,LGA,06:05,06:00,130.0,120.0,-5.0,06:21,21.0,0.0,0.0,0.0,0.0,0.0,0
WN,2023-10-20,3704.0,N8822Q,ATL,GSP,22:10,22:20,50.0,47.0,10.0,22:31,11.0,0.0,0.0,0.0,0.0,0.0,0
WN,2023-05-04,2437.0,N7812G,ATL,OMA,08:35,08:36,150.0,144.0,1.0,08:49,13.0,0.0,0.0,0.0,0.0,0.0,0
WN,2023-02-01,133.0,N8543Z,ATL,GSP,21:25,21:27,55.0,40.0,2.0,21:35,8.0,0.0,0.0,0.0,0.0,0.0,0
WN,2025-01-02,5912.0,N8805L,ATL,IND,22:45,22:45,90.0,96.0,0.0,23:05,20.0,0.0,0.0,0.0,0.0,0.0,0
WN,2023-03-19,2093.0,N288WN,ATL,MCO,19:30,19:31,90.0,86.0,1.0,19:46,15.0,0.0,0.0,0.0,0.0,0.0,0
WN,2022-07-02,1927.0,N8687A,ATL,FLL,18:05,18:05,115.0,116.0,0.0,18:27,22.0,0.0,0.0,0.0,0.0,0.0,0
WN,2023-08-09,490.0,N765SW,ATL,MCO,22:40,22:40,95.0,85.0,0.0,22:56,16.0,0.0,0.0,0.0,0.0,0.0,0
WN,2022-08-19,517.0,N7742B,ATL,OKC,08:00,07:55,125.0,123.0,-5.0,08:06,11.0,0.0,0.0,0.0,0.0,0.0,0
WN,2024-10-01,117.0,N8550Q,ATL,MCO,18:55,19:12,90.0,95.0,17.0,19:31,19.0,0.0,0.0,5.0,0.0,17.0,0
WN,2025-07-12,376.0,N8661A,ATL,DEN,15:25,15:35,200.0,181.0,10.0,15:48,13.0,0.0,0.0,0.0,0.0,0.0,0
WN,2023-09-11,4730.0,N8777Q,ATL,LGA,20:10,21:15,130.0,132.0,65.0,21:33,18.0,27.0,0.0,2.0,0.0,38.0,0
WN,2022-05-20,157.0,N8624J,ATL,DAL,06:00,06:05,140.0,117.0,5.0,06:17,12.0,0.0,0.0,0.0,0.0,0.0,0
WN,2022-02-17,1646.0,N418WN,ATL,IND,19:30,19:33,95.0,125.0,3.0,19:50,17.0,0.0,0.0,33.0,0.0,0.0,0
WN,2024-12-23,1326.0,N479WN,ATL,HOU,22:45,23:02,140.0,125.0,17.0,23:21,19.0,0.0,0.0,0.0,0.0,0.0,0
WN,2023-11-27,1375.0,N295WN,ATL,AUS,12:20,12:29,155.0,142.0,9.0,12:43,14.0,0.0,0.0,0.0,0.0,0.0,0
WN,2023-02-08,2207.0,N7736A,ATL,BNA,21:00,21:12,70.0,53.0,12.0,21:20,8.0,0.0,0.0,0.0,0.0,0.0,0
WN,2022-02-11,187.0,N8657B,ATL,MDW,07:25,07:24,115.0,104.0,-1.0,07:38,14.0,0.0,0.0,0.0,0.0,0.0,0
WN,2022-08-14,2991.0,N7863A,ATL,HOU,06:15,06:15,125.0,121.0,0.0,06:35,20.0,0.0,0.0,0.0,0.0,0.0,0
WN,2022-12-27,1980.0,N8533S,ATL,PIT,12:55,00:00,95.0,0.0,0.0,00:00,0.0,0.0,0.0,0.0,0.0,0.0,1
WN,2022-02-17,199.0,N410WN,ATL,DCA,10:30,10:25,110.0,101.0,-5.0,10:44,19.0,0.0,0.0,0.0,0.0,0.0,0
WN,2022-09-28,2259.0,N264LV,ATL,DAL,06:20,06:19,135.0,125.0,-1.0,06:31,12.0,0.0,0.0,0.0,0.0,0.0,0
WN,2023-12-04,1356.0,N288WN,ATL,GSP,16:05,16:00,55.0,52.0,-5.0,16:19,19.0,0.0,0.0,0.0,0.0,0.0,0
WN,2023-04-23,3040.0,N8675A,ATL,RDU,10:45,10:48,80.0,66.0,3.0,10:57,9.0,0.0,0.0,0.0,0.0,0.0,0
WN,2022-10-04,1768.0,N7879A,ATL,CMH,08:30,08:27,95.0,83.0,-3.0,08:38,11.0,0.0,0.0,0.0,0.0,0.0,0
WN,2023-02-18,125.0,N8655D,ATL,AUS,09:05,09:14,155.0,144.0,9.0,09:30,16.0,0.0,0.0,0.0,0.0,0.0,0
WN,2025-02-16,4335.0,N8683D,ATL,HOU,14:20,14:48,140.0,133.0,28.0,14:59,11.0,9.0,0.0,0.0,0.0,12.0,0
WN,2023-08-21,733.0,N8731J,ATL,BWI,19:30,19:33,110.0,114.0,3.0,19:50,17.0,0.0,0.0,0.0,0.0,0.0,0
WN,2022-04-13,138.0,N8727M,ATL,DEN,17:20,18:33,205.0,228.0,73.0,18:43,10.0,60.0,0.0,23.0,0.0,13.0,0
WN,2023-10-14,2808.0,N481WN,ATL,BNA,17:45,17:42,65.0,74.0,-3.0,18:00,18.0,0.0,0.0,0.0,0.0,0.0,0
WN,2023-10-16,1689.0,N276WN,ATL,JAN,12:15,12:24,80.0,68.0,9.0,12:38,14.0,0.0,0.0,0.0,0.0,0.0,0
WN,2024-02-20,1422.0,N8841L,ATL,FLL,21:40,21:35,110.0,99.0,-5.0,21:52,17.0,0.0,0.0,0.0,0.0,0.0,0
WN,2024-11-13,3222.0,N8685B,ATL,RDU,19:10,19:05,80.0,71.0,-5.0,19:18,13.0,0.0,0.0,0.0,0.0,0.0,0
WN,2023-08-22,1736.0,N8317M,ATL,BNA,09:25,09:23,65.0,59.0,-2.0,09:35,12.0,0.0,0.0,0.0,0.0,0.0,0
WN,2023-08-23,3229.0,N277WN,ATL,MCO,10:35,10:33,90.0,81.0,-2.0,10:52,19.0,0.0,0.0,0.0,0.0,0.0,0
WN,2023-05-19,1908.0,N410WN,ATL,MKE,20:20,20:53,120.0,109.0,33.0,21:07,14.0,5.0,0.0,0.0,0.0,17.0,0
WN,2023-12-16,3.0,N8732S,ATL,DAL,06:30,06:31,145.0,132.0,1.0,06:49,18.0,0.0,0.0,0.0,0.0,0.0,0
WN,2022-04-20,2643.0,N7856A,ATL,RSW,10:30,10:29,100.0,84.0,-1.0,10:41,12.0,0.0,0.0,0.0,0.0,0.0,0
WN,2023-09-30,4018.0,N249WN,ATL,TPA,06:40,06:34,85.0,79.0,-6.0,06:45,11.0,0.0,0.0,0.0,0.0,0.0,0
WN,2022-03-17,936.0,N8678E,ATL,DAL,14:10,14:22,140.0,129.0,12.0,14:32,10.0,0.0,0.0,0.0,0.0,0.0,0
WN,2022-06-30,1204.0,N7847A,ATL,BWI,07:00,07:04,105.0,100.0,4.0,07:16,12.0,0.0,0.0,0.0,0.0,0.0,0
WN,2022-07-29,856.0,N412WN,ATL,BNA,16:35,16:31,70.0,56.0,-4.0,16:43,12.0,0.0,0.0,0.0,0.0,0.0,0
WN,2024-09-24,3204.0,N457WN,ATL,DAL,14:00,13:58,130.0,128.0,-2.0,14:07,9.0,0.0,0.0,0.0,0.0,0.0,0
WN,2023-12-07,3303.0,N276WN,ATL,MCO,08:45,09:14,90.0,84.0,29.0,09:33,19.0,0.0,0.0,0.0,0.0,23.0,0
WN,2023-05-19,168.0,N455WN,ATL,DAL,21:25,22:20,140.0,161.0,55.0,22:30,10.0,0.0,0.0,76.0,0.0,0.0,0
WN,2024-11-12,695.0,N923WN,ATL,SDF,09:10,09:04,80.0,68.0,-6.0,09:16,12.0,0.0,0.0,0.0,0.0,0.0,0
WN,2024-03-10,3075.0,N8541W,ATL,DAL,18:40,18:37,145.0,138.0,-3.0,18:50,13.0,0.0,0.0,0.0,0.0,0.0,0
WN,2023-07-15,2662.0,N8660A,ATL,FLL,08:05,08:05,110.0,97.0,0.0,08:17,12.0,0.0,0.0,0.0,0.0,0.0,0
WN,2023-02-05,2359.0,N791SW,ATL,MCO,06:05,06:05,95.0,82.0,0.0,06:16,11.0,0.0,0.0,0.0,0.0,0.0,0
WN,2022-10-16,258.0,N8576Z,ATL,AUS,07:00,06:56,140.0,136.0,-4.0,07:09,13.0,0.0,0.0,0.0,0.0,0.0,0
WN,2023-04-06,447.0,N228WN,ATL,DEN,18:15,18:19,205.0,192.0,4.0,18:35,16.0,0.0,0.0,0.0,0.0,0.0,0
WN,2024-04-21,2433.0,N941WN,ATL,GSP,10:30,10:34,55.0,49.0,4.0,10:52,18.0,0.0,0.0,0.0,0.0,0.0,0
WN,2025-08-22,981.0,N8565Z,ATL,MDW,10:25,10:36,115.0,97.0,11.0,10:44,8.0,0.0,0.0,0.0,0.0,0.0,0
WN,2024-06-09,3503.0,N8634A,ATL,DAL,09:35,09:34,125.0,136.0,-1.0,09:48,14.0,0.0,0.0,0.0,0.0,0.0,0
WN,2024-06-06,3108.0,N8903H,ATL,TPA,10:10,10:10,90.0,113.0,0.0,10:59,49.0,0.0,0.0,23.0,0.0,0.0,0
WN,2023-12-21,1572.0,N7887A,ATL,MDW,19:10,19:12,115.0,111.0,2.0,19:21,9.0,0.0,0.0,0.0,0.0,0.0,0
WN,2022-11-08,2856.0,N494WN,ATL,IAD,10:45,10:40,100.0,92.0,-5.0,10:52,12.0,0.0,0.0,0.0,0.0,0.0,0
WN,2023-10-21,3477.0,N8827Q,ATL,DAL,08:50,09:09,135.0,129.0,19.0,09:26,17.0,0.0,0.0,0.0,0.0,0.0,0
WN,2023-03-08,2647.0,N906WN,ATL,DAL,11:55,11:50,145.0,121.0,-5.0,11:59,9.0,0.0,0.0,0.0,0.0,0.0,0
WN,2024-03-08,6081.0,N7746C,ATL,DCA,07:05,07:02,100.0,92.0,-3.0,07:18,16.0,0.0,0.0,0.0,0.0,0.0,0
WN,2023-05-12,2867.0,N8851Q,ATL,MDW,14:05,14:05,115.0,98.0,0.0,14:15,10.0,0.0,0.0,0.0,0.0,0.0,0
WN,2022-12-28,2262.0,,ATL,RIC,10:25,00:00,95.0,0.0,0.0,00:00,0.0,0.0,0.0,0.0,0.0,0.0,1
WN,2026-01-01,353.0,N960WN,ATL,DCA,10:05,10:00,115.0,108.0,-5.0,10:23,23.0,0.0,0.0,0.0,0.0,0.0,0
WN,2025-10-05,2367.0,N457WN,ATL,DAL,11:00,11:15,135.0,134.0,15.0,11:41,26.0,0.0,0.0,0.0,0.0,0.0,0
WN,2023-01-03,4006.0,N7833A,ATL,BNA,16:50,17:21,70.0,57.0,31.0,17:33,12.0,0.0,9.0,0.0,0.0,9.0,0
WN,2024-06-26,2103.0,N8560Z,ATL,TPA,10:30,10:38,90.0,83.0,8.0,10:54,16.0,0.0,0.0,0.0,0.0,0.0,0
WN,2022-08-21,1121.0,N8634A,ATL,JAN,22:35,23:30,80.0,74.0,55.0,23:43,13.0,0.0,0.0,0.0,0.0,49.0,0
WN,2025-01-16,1521.0,N938WN,ATL,DEN,21:15,21:18,210.0,194.0,3.0,21:38,20.0,0.0,0.0,0.0,0.0,0.0,0
WN,2022-07-28,156.0,N925WN,ATL,AUS,06:30,06:25,140.0,127.0,-5.0,06:42,17.0,0.0,0.0,0.0,0.0,0.0,0
WN,2024-09-10,2911.0,N428WN,ATL,CMH,09:10,09:05,90.0,84.0,-5.0,09:19,14.0,0.0,0.0,0.0,0.0,0.0,0
WN,2024-05-24,4859.0,N408WN,ATL,IND,21:50,23:13,90.0,83.0,83.0,23:23,10.0,0.0,0.0,0.0,0.0,76.0,0
WN,2023-07-29,1348.0,N252WN,ATL,MCI,08:30,08:25,125.0,112.0,-5.0,08:40,15.0,0.0,0.0,0.0,0.0,0.0,0
WN,2022-09-01,1884.0,N8747Q,ATL,STL,20:10,21:08,100.0,108.0,58.0,21:36,28.0,0.0,0.0,8.0,0.0,58.0,0
WN,2022-12-25,2115.0,N8614M,ATL,RDU,10:25,12:03,90.0,72.0,98.0,12:14,11.0,65.0,0.0,0.0,0.0,15.0,0
WN,2025-02-21,1912.0,N246LV,ATL,MIA,10:15,10:14,120.0,106.0,-1.0,10:30,16.0,0.0,0.0,0.0,0.0,0.0,0
WN,2024-01-25,859.0,N8824Q,ATL,BNA,07:20,07:20,70.0,65.0,0.0,07:37,17.0,0.0,0.0,0.0,0.0,0.0,0
WN,2022-05-30,2342.0,N7827A,ATL,AUS,19:40,20:28,150.0,136.0,48.0,20:39,11.0,0.0,0.0,34.0,0.0,0.0,0
WN,2026-02-06,2990.0,N8811L,ATL,DEN,18:25,18:35,210.0,200.0,10.0,18:47,12.0,0.0,0.0,0.0,0.0,0.0,0
WN,2025-01-20,2696.0,N8539V,ATL,CMH,08:40,08:41,95.0,82.0,1.0,08:59,18.0,0.0,0.0,0.0,0.0,0.0,0
WN,2024-03-28,1345.0,N8301J,ATL,HOU,14:40,14:43,140.0,121.0,3.0,14:56,13.0,0.0,0.0,0.0,0.0,0.0,0
WN,2025-05-23,1554.0,N415WN,ATL,DCA,07:05,07:02,105.0,101.0,-3.0,07:15,13.0,0.0,0.0,0.0,0.0,0.0,0
WN,2025-06-18,3720.0,N201LV,ATL,HOU,06:10,06:08,125.0,120.0,-2.0,06:23,15.0,0.0,0.0,0.0,0.0,0.0,0
WN,2023-06-03,1623.0,N8325D,ATL,LGA,08:45,08:48,135.0,121.0,3.0,09:02,14.0,0.0,0.0,0.0,0.0,0.0,0
WN,2024-12-14,659.0,N8576Z,ATL,MKE,09:30,09:58,120.0,116.0,28.0,10:16,18.0,7.0,0.0,0.0,0.0,17.0,0
WN,2022-12-19,2008.0,N8311Q,ATL,PIT,13:20,13:39,95.0,87.0,19.0,13:49,10.0,0.0,0.0,0.0,0.0,0.0,0
WN,2023-09-04,3115.0,N279WN,ATL,PHX,11:10,11:13,235.0,222.0,3.0,11:26,13.0,0.0,0.0,0.0,0.0,0.0,0
WN,2024-04-01,4007.0,N7873A,ATL,MCO,11:30,11:26,90.0,105.0,-4.0,11:56,30.0,0.0,0.0,0.0,0.0,0.0,0
WN,2024-04-09,1954.0,N8669B,ATL,FLL,10:45,10:55,105.0,95.0,10.0,11:04,9.0,0.0,0.0,0.0,0.0,0.0,0
WN,2022-07-18,2991.0,N8667D,ATL,HOU,06:15,06:22,125.0,109.0,7.0,06:34,12.0,0.0,0.0,0.0,0.0,0.0,0
WN,2022-09-10,1470.0,N8504G,ATL,MSY,14:20,14:14,85.0,88.0,-6.0,14:27,13.0,0.0,0.0,0.0,0.0,0.0,0
WN,2023-05-13,1698.0,N8832H,ATL,MCO,10:35,10:35,90.0,100.0,0.0,11:02,27.0,0.0,0.0,0.0,0.0,0.0,0
WN,2023-03-20,133.0,N793SA,ATL,JAX,22:15,22:09,65.0,57.0,-6.0,22:20,11.0,0.0,0.0,0.0,0.0,0.0,0
WN,2022-09-16,1470.0,N8517F,ATL,MSY,15:25,15:47,100.0,85.0,22.0,16:00,13.0,0.0,0.0,0.0,0.0,0.0,0
WN,2022-10-18,202.0,N442WN,ATL,TPA,06:35,06:27,90.0,80.0,-8.0,06:42,15.0,0.0,0.0,0.0,0.0,0.0,0
WN,2022-02-16,816.0,N8653A,ATL,MIA,21:35,21:31,110.0,94.0,-4.0,21:40,9.0,0.0,0.0,0.0,0.0,0.0,0
WN,2024-11-11,1754.0,N8917Q,ATL,DAL,08:20,08:20,145.0,140.0,0.0,08:47,27.0,0.0,0.0,0.0,0.0,0.0,0
WN,2024-01-04,2243.0,N8851Q,ATL,MCI,14:25,14:29,130.0,125.0,4.0,14:42,13.0,0.0,0.0,0.0,0.0,0.0,0
WN,2023-04-11,3311.0,N287WN,ATL,FLL,21:40,21:48,110.0,98.0,8.0,21:59,11.0,0.0,0.0,0.0,0.0,0.0,0
WN,2024-05-04,787.0,N7863A,ATL,DEN,11:00,10:59,200.0,192.0,-1.0,11:18,19.0,0.0,0.0,0.0,0.0,0.0,0
WN,2025-01-20,1760.0,N8677A,ATL,LAS,17:30,19:09,280.0,285.0,99.0,19:24,15.0,82.0,0.0,5.0,0.0,17.0,0
WN,2022-08-07,203.0,N8630B,ATL,STL,07:00,07:00,100.0,86.0,0.0,07:10,10.0,0.0,0.0,0.0,0.0,0.0,0
WN,2022-11-08,3111.0,N7863A,ATL,FLL,08:10,08:06,120.0,94.0,-4.0,08:15,9.0,0.0,0.0,0.0,0.0,0.0,0
WN,2024-12-31,727.0,N8329B,ATL,DAL,16:00,16:15,140.0,131.0,15.0,16:27,12.0,0.0,0.0,0.0,0.0,0.0,0
WN,2025-11-29,1253.0,N7844A,ATL,STL,16:35,16:41,105.0,120.0,6.0,17:01,20.0,6.0,0.0,15.0,0.0,0.0,0
WN,2025-08-29,4159.0,N8822Q,ATL,BWI,07:50,07:54,105.0,96.0,4.0,08:05,11.0,0.0,0.0,0.0,0.0,0.0,0
WN,2025-12-01,370.0,N8754S,ATL,HOU,08:50,08:49,145.0,166.0,-1.0,09:20,31.0,0.0,0.0,20.0,0.0,0.0,0
WN,2022-06-02,2015.0,N239WN,ATL,PBI,15:15,15:14,110.0,105.0,-1.0,15:28,14.0,0.0,0.0,0.0,0.0,0.0,0
WN,2023-07-31,677.0,N8765Q,ATL,TPA,17:25,17:50,85.0,90.0,25.0,18:04,14.0,1.0,0.0,5.0,0.0,24.0,0
WN,2024-09-13,1715.0,N8901Q,ATL,AUS,15:25,15:20,140.0,140.0,-5.0,15:34,14.0,0.0,0.0,0.0,0.0,0.0,0
WN,2025-03-10,2062.0,N8560Z,ATL,SRQ,09:55,10:17,95.0,88.0,22.0,10:31,14.0,0.0,0.0,0.0,0.0,15.0,0
WN,2022-08-07,2656.0,N8557Q,ATL,DEN,18:50,19:16,195.0,204.0,26.0,19:24,8.0,26.0,0.0,9.0,0.0,0.0,0
WN,2024-12-19,1335.0,N480WN,ATL,MEM,08:30,08:25,90.0,82.0,-5.0,08:49,24.0,0.0,0.0,0.0,0.0,0.0,0
WN,2024-07-18,302.0,N497WN,ATL,MSY,16:30,21:37,90.0,153.0,307.0,23:02,85.0,24.0,0.0,63.0,0.0,283.0,0
WN,2023-08-17,1736.0,N8845L,ATL,BNA,09:25,09:21,65.0,55.0,-4.0,09:32,11.0,0.0,0.0,0.0,0.0,0.0,0
WN,2023-01-02,1619.0,N8321D,ATL,MIA,22:35,01:19,110.0,100.0,164.0,01:31,12.0,0.0,0.0,0.0,10.0,144.0,0
WN,2023-10-27,2022.0,N8892S,ATL,PBI,14:35,14:29,100.0,93.0,-6.0,14:39,10.0,0.0,0.0,0.0,0.0,0.0,0
WN,2023-10-23,1109.0,N8883Q,ATL,PHL,21:30,21:38,115.0,109.0,8.0,21:52,14.0,0.0,0.0,0.0,0.0,0.0,0
WN,2024-03-14,2679.0,N7882B,ATL,MEM,20:30,20:57,85.0,95.0,27.0,21:30,33.0,0.0,0.0,10.0,0.0,27.0,0
WN,2024-01-24,3460.0,N436WN,ATL,MIA,14:25,14:51,105.0,105.0,26.0,15:01,10.0,26.0,0.0,0.0,0.0,0.0,0
WN,2024-05-28,5547.0,N8512U,ATL,AUS,15:00,15:39,145.0,156.0,39.0,15:51,12.0,39.0,0.0,11.0,0.0,0.0,0
WN,2024-09-16,3736.0,N403WN,ATL,DAL,16:50,16:45,130.0,125.0,-5.0,16:57,12.0,0.0,0.0,0.0,0.0,0.0,0
WN,2023-05-04,1944.0,N564WN,ATL,HOU,21:00,20:58,130.0,132.0,-2.0,21:15,17.0,0.0,0.0,0.0,0.0,0.0,0
WN,2022-06-23,2292.0,N8647A,ATL,CMH,08:10,08:10,95.0,91.0,0.0,08:24,14.0,0.0,0.0,0.0,0.0,0.0,0
WN,2023-01-22,1457.0,N417WN,ATL,MDW,06:15,06:09,115.0,100.0,-6.0,06:21,12.0,0.0,0.0,0.0,0.0,0.0,0
WN,2025-08-17,362.0,N8513F,ATL,DAL,10:40,10:36,130.0,128.0,-4.0,10:48,12.0,0.0,0.0,0.0,0.0,0.0,0
WN,2023-09-25,2159.0,N8602F,ATL,JAX,21:50,22:35,75.0,59.0,45.0,22:47,12.0,0.0,0.0,0.0,0.0,29.0,0
WN,2022-12-13,1849.0,N8520Q,ATL,AUS,19:30,19:35,150.0,152.0,5.0,19:49,14.0,0.0,0.0,0.0,0.0,0.0,0
WN,2023-11-06,2876.0,N8858K,ATL,SDF,19:30,19:33,80.0,71.0,3.0,19:46,13.0,0.0,0.0,0.0,0.0,0.0,0
WN,2023-10-08,1789.0,N8681M,ATL,JAX,10:40,10:54,65.0,60.0,14.0,11:08,14.0,0.0,0.0,0.0,0.0,0.0,0
WN,2024-04-29,2731.0,N8664J,ATL,DAL,09:10,11:06,140.0,124.0,116.0,11:19,13.0,98.0,0.0,0.0,0.0,2.0,0
WN,2024-08-21,1271.0,N8911Q,ATL,MIA,11:30,11:54,115.0,137.0,24.0,12:06,12.0,24.0,0.0,22.0,0.0,0.0,0
WN,2022-12-20,4445.0,N8804L,ATL,MKE,12:10,12:06,120.0,113.0,-4.0,12:19,13.0,0.0,0.0,0.0,0.0,0.0,0
WN,2023-02-13,1706.0,N8548P,ATL,GSP,10:55,10:51,60.0,50.0,-4.0,11:05,14.0,0.0,0.0,0.0,0.0,0.0,0
WN,2023-09-25,2508.0,N232WN,ATL,MEM,19:30,19:44,75.0,70.0,14.0,19:57,13.0,0.0,0.0,0.0,0.0,0.0,0
WN,2023-06-05,3255.0,N8730Q,ATL,CLE,17:25,17:37,100.0,110.0,12.0,18:05,28.0,0.0,0.0,10.0,0.0,12.0,0
WN,2024-11-20,1754.0,N8856S,ATL,DAL,09:15,09:11,145.0,143.0,-4.0,09:34,23.0,0.0,0.0,0.0,0.0,0.0,0
WN,2023-02-23,885.0,N8650F,ATL,MCO,21:50,22:23,85.0,73.0,33.0,22:31,8.0,20.0,0.0,0.0,0.0,1.0,0
WN,2024-09-24,1003.0,N7882B,ATL,TPA,11:10,11:08,85.0,74.0,-2.0,11:18,10.0,0.0,0.0,0.0,0.0,0.0,0
WN,2022-12-01,1099.0,N938WN,ATL,JAX,21:45,22:03,70.0,56.0,18.0,22:15,12.0,0.0,0.0,0.0,0.0,0.0,0
WN,2024-11-22,965.0,N8547V,ATL,HOU,12:55,13:03,140.0,122.0,8.0,13:16,13.0,0.0,0.0,0.0,0.0,0.0,0
WN,2023-12-12,1917.0,N8747Q,ATL,SRQ,21:50,21:51,90.0,82.0,1.0,22:01,10.0,0.0,0.0,0.0,0.0,0.0,0
WN,2024-04-30,5547.0,N793SA,ATL,AUS,15:00,15:00,145.0,133.0,0.0,15:11,11.0,0.0,0.0,0.0,0.0,0.0,0
WN,2022-11-24,2115.0,N8803L,ATL,PBI,10:25,10:28,120.0,96.0,3.0,10:40,12.0,0.0,0.0,0.0,0.0,0.0,0
WN,2022-08-06,4401.0,N8317M,ATL,MEM,08:45,08:54,85.0,76.0,9.0,09:13,19.0,0.0,0.0,0.0,0.0,0.0,0
WN,2024-08-04,3648.0,N8565Z,ATL,OAK,12:40,12:49,295.0,280.0,9.0,13:02,13.0,0.0,0.0,0.0,0.0,0.0,0
WN,2022-06-03,6849.0,N551WN,ATL,LAS,12:45,13:02,265.0,254.0,17.0,13:11,9.0,0.0,0.0,0.0,0.0,0.0,0
WN,2023-08-21,1778.0,N8728Q,ATL,BWI,13:20,13:29,100.0,106.0,9.0,13:42,13.0,9.0,0.0,6.0,0.0,0.0,0
WN,2024-08-09,261.0,N248WN,ATL,MDW,13:55,14:06,115.0,100.0,11.0,14:19,13.0,0.0,0.0,0.0,0.0,0.0,0
WN,2024-01-01,850.0,N268WN,ATL,MCO,06:55,06:53,85.0,84.0,-2.0,07:06,13.0,0.0,0.0,0.0,0.0,0.0,0
WN,2023-01-01,1670.0,N8525S,ATL,MIA,21:50,22:13,110.0,92.0,23.0,22:21,8.0,0.0,0.0,0.0,0.0,0.0,0
WN,2024-07-09,4850.0,N473WN,ATL,RDU,21:45,22:13,85.0,81.0,28.0,22:25,12.0,0.0,0.0,0.0,0.0,24.0,0
WN,2022-03-19,3506.0,N8621A,ATL,MCI,13:15,14:34,130.0,113.0,79.0,14:43,9.0,62.0,0.0,0.0,0.0,0.0,0
WN,2023-09-05,499.0,N8852Q,ATL,LGA,06:15,06:11,130.0,128.0,-4.0,06:25,14.0,0.0,0.0,0.0,0.0,0.0,0
WN,2022-03-14,1599.0,N8520Q,ATL,MDW,06:40,06:42,115.0,103.0,2.0,06:53,11.0,0.0,0.0,0.0,0.0,0.0,0
WN,2025-03-31,373.0,N8862Q,ATL,AUS,07:55,07:58,155.0,157.0,3.0,08:08,10.0,0.0,0.0,0.0,0.0,0.0,0
WN,2024-12-23,2097.0,N8665D,ATL,LAS,21:10,21:06,275.0,265.0,-4.0,21:25,19.0,0.0,0.0,0.0,0.0,0.0,0
WN,2025-11-29,398.0,N8572X,ATL,LGA,16:15,16:19,130.0,123.0,4.0,16:29,10.0,0.0,0.0,0.0,0.0,0.0,0
WN,2022-05-24,1129.0,N8510E,ATL,LIT,16:05,16:05,95.0,86.0,0.0,16:19,14.0,0.0,0.0,0.0,0.0,0.0,0
WN,2024-08-23,3684.0,N8571Z,ATL,DCA,19:40,19:44,110.0,102.0,4.0,20:00,16.0,0.0,0.0,0.0,0.0,0.0,0
WN,2023-07-25,1309.0,N8549Z,ATL,MSY,22:20,00:24,85.0,70.0,124.0,00:33,9.0,62.0,0.0,0.0,0.0,47.0,0
WN,2022-12-19,147.0,N8555Z,ATL,MIA,10:15,10:13,120.0,162.0,-2.0,10:36,23.0,0.0,0.0,40.0,0.0,0.0,0
WN,2022-02-08,1897.0,N8552Z,ATL,MDW,18:45,18:41,115.0,102.0,-4.0,18:55,14.0,0.0,0.0,0.0,0.0,0.0,0
WN,2026-01-08,1161.0,N8868L,ATL,DAL,17:35,17:24,145.0,141.0,-11.0,17:39,15.0,0.0,0.0,0.0,0.0,0.0,0
WN,2023-08-01,3714.0,N8530W,ATL,SRQ,10:30,10:33,90.0,80.0,3.0,10:48,15.0,0.0,0.0,0.0,0.0,0.0,0
WN,2024-10-11,4105.0,N8885Q,ATL,OMA,22:15,22:21,145.0,130.0,6.0,22:35,14.0,0.0,0.0,0.0,0.0,0.0,0
WN,2025-01-03,1797.0,N7877H,ATL,RDU,10:35,10:32,85.0,83.0,-3.0,10:49,17.0,0.0,0.0,0.0,0.0,0.0,0
WN,2025-06-02,2483.0,N293WN,ATL,AUS,10:10,10:28,150.0,134.0,18.0,10:43,15.0,0.0,0.0,0.0,0.0,0.0,0
WN,2023-12-04,2121.0,N7866A,ATL,STL,16:10,16:10,100.0,102.0,0.0,16:21,11.0,0.0,0.0,0.0,0.0,0.0,0
WN,2025-08-24,2544.0,N8623F,ATL,DAL,18:00,18:09,135.0,119.0,9.0,18:21,12.0,0.0,0.0,0.0,0.0,0.0,0
WN,2023-04-23,1696.0,N244WN,ATL,AUS,08:50,09:15,150.0,152.0,25.0,09:32,17.0,25.0,0.0,2.0,0.0,0.0,0
WN,2022-02-09,1458.0,N8564Z,ATL,AUS,09:00,08:55,160.0,160.0,-5.0,09:12,17.0,0.0,0.0,0.0,0.0,0.0,0
WN,2022-12-10,835.0,N8612K,ATL,MCO,13:25,13:22,85.0,91.0,-3.0,13:33,11.0,0.0,0.0,0.0,0.0,0.0,0
WN,2023-12-24,3535.0,N258WN,ATL,TPA,10:45,11:00,90.0,82.0,15.0,11:09,9.0,0.0,0.0,0.0,0.0,0.0,0
WN,2026-02-19,1066.0,N7847A,ATL,LGA,15:00,14:58,125.0,112.0,-2.0,15:10,12.0,0.0,0.0,0.0,0.0,0.0,0
WN,2022-12-26,1095.0,N8600F,ATL,GSP,09:50,00:00,55.0,0.0,0.0,00:00,0.0,0.0,0.0,0.0,0.0,0.0,1
WN,2023-10-25,450.0,N8507C,ATL,BNA,15:15,15:52,70.0,57.0,37.0,16:02,10.0,0.0,0.0,0.0,0.0,24.0,0
WN,2022-06-01,4051.0,N566WN,ATL,AUS,13:35,14:02,155.0,150.0,27.0,14:31,29.0,20.0,0.0,0.0,0.0,2.0,0
WN,2024-01-02,1247.0,N8828L,ATL,STL,08:10,08:16,105.0,99.0,6.0,08:33,17.0,0.0,0.0,0.0,0.0,0.0,0
WN,2024-02-12,3507.0,N8894Q,ATL,LGA,10:15,10:15,135.0,110.0,0.0,10:31,16.0,0.0,0.0,0.0,0.0,0.0,0
WN,2023-06-29,1349.0,N8829Q,ATL,SAT,08:15,08:13,145.0,139.0,-2.0,08:33,20.0,0.0,0.0,0.0,0.0,0.0,0
WN,2022-12-19,752.0,N8504G,ATL,MCI,08:05,08:07,130.0,129.0,2.0,08:18,11.0,0.0,0.0,0.0,0.0,0.0,0
WN,2022-07-09,1927.0,N8573Z,ATL,FLL,18:05,18:02,115.0,110.0,-3.0,18:16,14.0,0.0,0.0,0.0,0.0,0.0,0
WN,2022-12-05,872.0,N8815L,ATL,RSW,21:55,22:19,100.0,87.0,24.0,22:30,11.0,0.0,0.0,0.0,0.0,0.0,0
WN,2022-07-28,1121.0,N8562Z,ATL,JAN,22:35,22:40,80.0,78.0,5.0,23:04,24.0,0.0,0.0,0.0,0.0,0.0,0
WN,2025-11-23,778.0,N458WN,ATL,MCO,18:30,18:44,90.0,78.0,14.0,18:53,9.0,0.0,0.0,0.0,0.0,0.0,0
WN,2023-12-07,2077.0,N8801Q,ATL,MDW,20:10,20:09,115.0,115.0,-1.0,20:27,18.0,0.0,0.0,0.0,0.0,0.0,0
WN,2025-10-23,2475.0,N964WN,ATL,MCI,13:35,13:51,125.0,132.0,16.0,14:07,16.0,16.0,0.0,7.0,0.0,0.0,0
WN,2023-04-16,510.0,N8654B,ATL,BWI,22:45,22:51,110.0,93.0,6.0,23:07,16.0,0.0,0.0,0.0,0.0,0.0,0
WN,2022-07-10,2867.0,N8543Z,ATL,MIA,10:10,10:03,120.0,127.0,-7.0,10:29,26.0,0.0,0.0,0.0,0.0,0.0,0
WN,2024-06-29,2064.0,N929WN,ATL,MSY,11:00,10:54,90.0,80.0,-6.0,11:20,26.0,0.0,0.0,0.0,0.0,0.0,0
WN,2024-11-07,3318.0,N8518R,ATL,LGA,15:55,17:20,130.0,132.0,85.0,17:41,21.0,0.0,0.0,83.0,0.0,4.0,0
WN,2022-04-03,512.0,N7818L,ATL,HOU,16:00,16:30,135.0,119.0,30.0,16:42,12.0,0.0,0.0,0.0,0.0,0.0,0
WN,2022-11-13,914.0,N7824A,ATL,MCO,17:50,18:00,90.0,87.0,10.0,18:18,18.0,0.0,0.0,0.0,0.0,0.0,0
WN,2022-06-15,1325.0,N8504G,ATL,DAL,20:00,21:30,130.0,144.0,90.0,21:51,21.0,5.0,0.0,14.0,0.0,85.0,0
WN,2022-12-19,1296.0,N8610A,ATL,DEN,07:00,07:06,210.0,201.0,6.0,07:18,12.0,0.0,0.0,0.0,0.0,0.0,0
WN,2024-11-01,513.0,N8631A,ATL,LGA,06:10,06:07,130.0,113.0,-3.0,06:15,8.0,0.0,0.0,0.0,0.0,0.0,0
WN,2023-10-13,478.0,N8785L,ATL,SDF,08:30,08:33,80.0,75.0,3.0,08:50,17.0,0.0,0.0,0.0,0.0,0.0,0
WN,2024-02-03,3167.0,N8747Q,ATL,BWI,09:30,09:41,105.0,105.0,11.0,09:59,18.0,0.0,0.0,0.0,0.0,0.0,0
WN,2022-07-30,3615.0,N570WN,ATL,MDW,12:05,12:06,115.0,100.0,1.0,12:17,11.0,0.0,0.0,0.0,0.0,0.0,0
WN,2023-05-05,2902.0,N8570W,ATL,JAN,14:35,14:33,75.0,71.0,-2.0,14:40,7.0,0.0,0.0,0.0,0.0,0.0,0
WN,2023-12-14,2019.0,N8682B,ATL,AUS,16:05,16:06,150.0,134.0,1.0,16:14,8.0,0.0,0.0,0.0,0.0,0.0,0
WN,2022-03-02,379.0,N8668A,ATL,OMA,21:30,21:23,155.0,144.0,-7.0,21:39,16.0,0.0,0.0,0.0,0.0,0.0,0
WN,2023-11-09,850.0,N7727A,ATL,MCO,06:55,06:55,85.0,94.0,0.0,07:20,25.0,0.0,0.0,0.0,0.0,0.0,0
WN,2023-03-14,470.0,N8690A,ATL,FLL,15:50,15:47,110.0,101.0,-3.0,15:57,10.0,0.0,0.0,0.0,0.0,0.0,0
WN,2024-03-28,1774.0,N7812G,ATL,JAN,20:35,21:42,85.0,77.0,67.0,21:59,17.0,59.0,0.0,0.0,0.0,0.0,0
WN,2024-03-10,400.0,N937WN,ATL,FLL,22:50,00:16,110.0,103.0,86.0,00:27,11.0,0.0,0.0,0.0,0.0,79.0,0
WN,2023-06-07,160.0,N285WN,ATL,RIC,15:00,15:54,90.0,88.0,54.0,16:05,11.0,0.0,0.0,0.0,0.0,52.0,0
WN,2023-09-06,3592.0,N237WN,ATL,MKE,19:15,19:06,120.0,104.0,-9.0,19:14,8.0,0.0,0.0,0.0,0.0,0.0,0
WN,2024-02-05,1131.0,N8676A,ATL,DEN,06:55,06:51,205.0,183.0,-4.0,07:02,11.0,0.0,0.0,0.0,0.0,0.0,0
WN,2022-09-01,1289.0,N7823A,ATL,MYR,22:10,22:45,75.0,77.0,35.0,23:06,21.0,33.0,0.0,2.0,0.0,2.0,0
WN,2025-02-05,1122.0,N8845L,ATL,FLL,11:15,11:12,115.0,105.0,-3.0,11:27,15.0,0.0,0.0,0.0,0.0,0.0,0
WN,2024-12-26,1529.0,N7825A,ATL,AUS,22:50,22:59,160.0,170.0,9.0,23:27,28.0,0.0,0.0,10.0,0.0,9.0,0
WN,2022-09-05,296.0,N910WN,ATL,DAL,15:15,15:18,130.0,123.0,3.0,15:32,14.0,0.0,0.0,0.0,0.0,0.0,0
WN,2023-02-01,994.0,N8310C,ATL,MDW,21:55,21:57,115.0,107.0,2.0,22:11,14.0,0.0,0.0,0.0,0.0,0.0,0
WN,2023-02-09,1876.0,N8823Q,ATL,MCI,08:50,09:39,135.0,153.0,49.0,09:50,11.0,0.0,0.0,67.0,0.0,0.0,0
WN,2024-07-03,3936.0,N442WN,ATL,STL,08:25,09:35,105.0,107.0,70.0,09:47,12.0,0.0,0.0,72.0,0.0,0.0,0
WN,2024-10-30,840.0,N8504G,ATL,MCO,06:10,06:18,90.0,78.0,8.0,06:30,12.0,0.0,0.0,0.0,0.0,0.0,0
WN,2025-05-07,900.0,N209WN,ATL,HOU,17:45,17:49,135.0,127.0,4.0,17:58,9.0,0.0,0.0,0.0,0.0,0.0,0
WN,2023-12-30,1559.0,N8321D,ATL,BWI,14:45,15:00,100.0,95.0,15.0,15:10,10.0,0.0,0.0,0.0,0.0,0.0,0
WN,2023-09-07,3198.0,N8627B,ATL,DEN,15:00,15:12,185.0,183.0,12.0,15:23,11.0,0.0,0.0,0.0,0.0,0.0,0
WN,2024-05-14,4859.0,N7713A,ATL,IND,19:45,20:03,95.0,83.0,18.0,20:12,9.0,0.0,0.0,0.0,0.0,0.0,0
WN,2022-04-28,2594.0,N469WN,ATL,RSW,22:45,22:41,95.0,87.0,-4.0,22:53,12.0,0.0,0.0,0.0,0.0,0.0,0
WN,2024-09-13,4502.0,N401WN,ATL,RDU,21:30,21:42,85.0,72.0,12.0,21:52,10.0,0.0,0.0,0.0,0.0,0.0,0
WN,2023-11-22,3524.0,N8660A,ATL,MCO,06:50,06:49,85.0,79.0,-1.0,06:59,10.0,0.0,0.0,0.0,0.0,0.0,0
WN,2024-08-31,652.0,N8883Q,ATL,JAN,13:30,13:26,80.0,79.0,-4.0,13:37,11.0,0.0,0.0,0.0,0.0,0.0,0
WN,2023-08-10,3789.0,N8882Q,ATL,DEN,10:00,11:03,190.0,187.0,63.0,11:19,16.0,8.0,0.0,0.0,0.0,52.0,0
WN,2022-02-01,570.0,N8663A,ATL,SDF,19:30,19:21,90.0,70.0,-9.0,19:29,8.0,0.0,0.0,0.0,0.0,0.0,0
WN,2022-02-13,1095.0,N902WN,ATL,DCA,22:15,00:00,100.0,0.0,0.0,00:00,0.0,0.0,0.0,0.0,0.0,0.0,1
WN,2023-09-18,256.0,N8874Q,ATL,LAS,06:20,06:23,255.0,246.0,3.0,06:36,13.0,0.0,0.0,0.0,0.0,0.0,0
WN,2022-01-22,3690.0,N287WN,ATL,BWI,07:30,07:27,105.0,122.0,-3.0,07:38,11.0,0.0,0.0,0.0,0.0,0.0,0
WN,2025-01-26,1797.0,N8512U,ATL,MDW,08:50,08:47,120.0,110.0,-3.0,09:04,17.0,0.0,0.0,0.0,0.0,0.0,0
WN,2024-05-13,1163.0,N8515X,ATL,CLE,14:15,14:20,100.0,94.0,5.0,14:32,12.0,0.0,0.0,0.0,0.0,0.0,0
WN,2022-01-11,3518.0,N211WN,ATL,BNA,18:50,18:43,65.0,68.0,-7.0,19:03,20.0,0.0,0.0,0.0,0.0,0.0,0
WN,2022-12-09,239.0,N7734H,ATL,BWI,22:05,22:16,105.0,94.0,11.0,22:27,11.0,0.0,0.0,0.0,0.0,0.0,0
WN,2024-06-10,4131.0,N8750Q,ATL,MIA,22:55,23:10,115.0,98.0,15.0,23:25,15.0,0.0,0.0,0.0,0.0,0.0,0
WN,2025-11-23,419.0,N241WN,ATL,MCO,13:30,13:27,85.0,76.0,-3.0,13:39,12.0,0.0,0.0,0.0,0.0,0.0,0
WN,2025-01-28,970.0,N8932Q,ATL,IND,20:40,20:34,90.0,87.0,-6.0,20:46,12.0,0.0,0.0,0.0,0.0,0.0,0
WN,2025-12-16,370.0,N1811U,ATL,HOU,15:55,15:52,140.0,135.0,-3.0,16:12,20.0,0.0,0.0,0.0,0.0,0.0,0
WN,2024-04-24,4011.0,N291WN,ATL,RIC,15:05,14:59,90.0,82.0,-6.0,15:08,9.0,0.0,0.0,0.0,0.0,0.0,0
WN,2024-10-14,4558.0,N8674B,ATL,IND,22:15,22:26,90.0,87.0,11.0,22:41,15.0,0.0,0.0,0.0,0.0,0.0,0
WN,2023-11-16,1928.0,N7741C,ATL,MCO,18:20,18:45,85.0,90.0,25.0,19:02,17.0,6.0,0.0,5.0,0.0,19.0,0
WN,2023-07-06,1770.0,N8748Q,ATL,HOU,22:05,22:05,120.0,123.0,0.0,22:22,17.0,0.0,0.0,0.0,0.0,0.0,0
WN,2024-12-11,1326.0,N8302F,ATL,HOU,07:00,07:14,140.0,159.0,14.0,07:29,15.0,14.0,0.0,19.0,0.0,0.0,0
WN,2025-03-21,2807.0,N968WN,ATL,MDW,14:00,13:56,115.0,107.0,-4.0,14:09,13.0,0.0,0.0,0.0,0.0,0.0,0
WN,2025-08-20,3232.0,N8819L,ATL,HOU,13:20,13:16,125.0,121.0,-4.0,13:37,21.0,0.0,0.0,0.0,0.0,0.0,0
WN,2024-02-02,3555.0,N475WN,ATL,MKE,18:35,18:32,120.0,116.0,-3.0,18:53,21.0,0.0,0.0,0.0,0.0,0.0,0
